排名,书名,图片,评论数,推荐,作者,日期,原价,折扣,电子书
"('1.',)","('米小圈上学记三年级（套装共4册）',)","('http://img3m4.ddimg.cn/88/18/25261324-1_l_9.jpg',)","(['300788条评论'],)","('100%推荐',)","('北猫',)","('2018-04-01',)","('¥100.00',)","('4.5折',)",null
"('2.',)","('米小圈上学记四年级（套装共4册）',)","('http://img3m6.ddimg.cn/90/20/25261326-1_l_9.jpg',)","(['285897条评论'],)","('100%推荐',)","('北猫',)","('2018-04-01',)","('¥100.00',)","('4.5折',)",null
"('3.',)","('少年读史记（套装全5册）',)","('http://img3m1.ddimg.cn/80/1/23778791-1_l_24.jpg',)","(['1103340条评论'],)","('99.9%推荐',)","('张嘉骅',)","('2015-09-01',)","('¥100.00',)","('5.0折',)",null
"('4.',)","('米小圈上学记二年级（套装共4册）',)","('http://img3m3.ddimg.cn/87/17/25261323-1_l_9.jpg',)","(['367209条评论'],)","('100%推荐',)","('北猫',)","('2018-04-01',)","('¥100.00',)","('4.5折',)",null
"('5.',)","('活着（精装版，余华代表作，易烊千玺推荐阅读版本）',)","('http://img3m9.ddimg.cn/93/8/25092039-1_l_3.jpg',)","(['514357条评论'],)","('100%推荐',)","('余华',)","('2017-06-01',)","('¥35.00',)","('5.0折',)",null
"('6.',)","('蛤蟆先生去看心理医生（年销200万册！英国经典心理咨询入门书，知',)","('http://img3m9.ddimg.cn/71/33/28992419-1_l_45.jpg',)","(['655271条评论'],)","('100%推荐',)","('罗伯特·戴博德',)","('2020-07-01',)","('¥38.00',)","('6.8折',)",¥16.99
"('7.',)","('半小时漫画青春期：生理篇（从变声长痘到脸红心跳，笑着笑着解决',)","('http://img3m8.ddimg.cn/32/5/29277698-1_l_6.jpg',)","(['21638条评论'],)","('100%推荐',)","('陈磊·半小时漫画团队',)","('2021-07-30',)","('¥49.00',)","('5.0折',)",¥16.99
"('8.',)","('米小圈上学记一年级（套装共4册）',)","('http://img3m7.ddimg.cn/91/21/25261327-1_l_9.jpg',)","(['546146条评论'],)","('100%推荐',)","('北猫',)","('2018-04-01',)","('¥100.00',)","('4.5折',)",null
"('9.',)","('马尔克斯：百年孤独（50周年纪念版）',)","('http://img3m6.ddimg.cn/83/20/25138856-1_l_5.jpg',)","(['1929295条评论'],)","('99.8%推荐',)","('加西亚·马尔克斯',)","('2017-08-01',)","('¥55.00',)","('7.2折',)",¥25.99
"('10.',)","('你当像鸟飞往你的山（中文版销量超200万册，比尔·盖茨年度特别推',)","('http://img3m2.ddimg.cn/0/27/28473192-1_l_11.jpg',)","(['1178557条评论'],)","('100%推荐',)","('塔拉',)","('2019-11-01',)","('¥59.00',)","('5.0折',)",¥24.99
"('11.',)","('古代人的日常生活（古代的光棍多吗？古人怎么擦屁屁？古人夏天如',)","('http://img3m2.ddimg.cn/14/2/28509242-1_l_14.jpg',)","(['100748条评论'],)","('99.9%推荐',)","('讲历史的王老师',)","('2020-02-10',)","('¥69.90',)","('5.0折',)",¥145.80
"('12.',)","('走遍中国 图说天下 寻梦之旅',)","('http://img3m8.ddimg.cn/34/15/26510848-1_l_6.jpg',)","(['302258条评论'],)","('100%推荐',)","('霍晨昕',)","('2019-02-01',)","('¥29.90',)","('6.0折',)",null
"('13.',)","('在峡江的转弯处：陈行甲人生笔记',)","('http://img3m1.ddimg.cn/48/25/29180001-1_l_17.jpg',)","(['28747条评论'],)","('100%推荐',)","('陈行甲',)","('2021-01-26',)","('¥48.00',)","('6.2折',)",null
"('14.',)","('神奇校车·桥梁书版（全20册）',)","('http://img3m0.ddimg.cn/61/3/23444350-1_l_44.jpg',)","(['1240137条评论'],)","('99.9%推荐',)","('乔安娜柯尔',)","('2014-04-01',)","('¥150.00',)","('3.9折',)",null
"('15.',)","('我不敢说，我怕被骂——邓超微博推荐的绘本 带给孩子更多勇气和自',)","('http://img3m5.ddimg.cn/44/36/27942695-1_l_19.jpg',)","(['503639条评论'],)","('100%推荐',)","('皮姆',)","('2019-11-01',)","('¥39.80',)","('5.0折',)",null
"('16.',)","('三毛全集02：撒哈拉的故事',)","('http://img3m4.ddimg.cn/91/33/24242914-1_l_6.jpg',)","(['399264条评论'],)","('100%推荐',)","('三毛',)","('2017-04-01',)","('¥35.00',)","('5.0折',)",¥21.00
"('17.',)","('三体：全三册 刘慈欣代表作，亚洲“雨果奖”获奖作品！',)","('http://img3m4.ddimg.cn/32/35/23579654-1_l_6.jpg',)","(['1621684条评论'],)","('99.8%推荐',)","('刘慈欣',)","('2010-11-01',)","('¥93.00',)","('6.9折',)",¥39.99
"('18.',)","('花婆婆——清华附小推荐的经典绘本！美国国家图书奖作品！',)","('http://img3m0.ddimg.cn/92/17/28479620-1_l_8.jpg',)","(['456728条评论'],)","('99.5%推荐',)","('芭芭拉库尼',)","('2019-11-11',)","('¥39.80',)","('5.0折',)",null
"('19.',)","('遥远的救世主（热播电视剧天道原著，即小说《背叛》，畅销遥远的',)","('http://img3m7.ddimg.cn/23/17/25353527-1_l_3.jpg',)","(['191571条评论'],)","('99.8%推荐',)","('豆豆',)","('2018-10-09',)","('¥48.00',)","('5.0折',)",null
"('20.',)","('米小圈脑筋急转弯（第一辑）（套装共4册）',)","('http://img3m8.ddimg.cn/38/0/23878838-1_l_5.jpg',)","(['580378条评论'],)","('94.7%推荐',)","('北猫',)","('2016-01-01',)","('¥64.00',)","('4.5折',)",null
"('21.',)","('苏东坡传（林语堂纪念典藏精装版）',)","('http://img3m8.ddimg.cn/40/0/25211578-1_l_8.jpg',)","(['601671条评论'],)","('99.9%推荐',)","('林语堂',)","('2018-01-01',)","('¥52.00',)","('5.0折',)",¥9.99
"('22.',)","('古代人的日常生活2（典藏版）（古代房价高吗？古人如何抗疫？古人',)","('http://img3m2.ddimg.cn/80/26/29288042-1_l_11.jpg',)","(['8247条评论'],)","('100%推荐',)","('讲历史的王老师',)","('2021-08-01',)","('¥75.90',)","('5.0折',)",¥14.99
"('23.',)","('世界上最棒的礼物——图画中隐藏无数细节，让小小孩玩过瘾！',)","('http://img3m7.ddimg.cn/10/1/27909397-1_l_9.jpg',)","(['90549条评论'],)","('100%推荐',)","('赖马',)","('2019-06-30',)","('¥45.80',)","('5.0折',)",null
"('24.',)","('我变成一只喷火龙了!——第一届丰子恺儿童图画书奖 获奖作品，儿',)","('http://img3m8.ddimg.cn/56/10/28477208-1_l_6.jpg',)","(['109809条评论'],)","('100%推荐',)","('赖马',)","('2019-11-12',)","('¥45.80',)","('5.0折',)",null
"('25.',)","('小王子（原版精美插图，傅雷翻译出版奖得主郑克鲁法文直译。揭秘',)","('http://img3m6.ddimg.cn/34/34/25289386-1_l_24.jpg',)","(['184657条评论'],)","('99.9%推荐',)","('圣埃克苏佩里',)","('2018-07-19',)","('¥26.00',)","('8.5折',)",null
"('26.',)","('乌合之众 : 大众心理研究（群体心理学创始人古斯塔夫·勒庞代表作',)","('http://img3m9.ddimg.cn/25/29/25246609-1_l_22.jpg',)","(['655545条评论'],)","('100%推荐',)","('古斯塔夫·勒庞',)","('2018-04-06',)","('¥26.00',)","('4.7折',)",null
"('27.',)","('人生海海（麦家重磅力作，莫言、董卿盛赞，连续两年高居畅销榜，',)","('http://img3m5.ddimg.cn/51/34/26921715-1_l_8.jpg',)","(['782675条评论'],)","('100%推荐',)","('麦家',)","('2019-04-16',)","('¥55.00',)","('5.0折',)",¥24.99
"('28.',)","('爱哭公主',)","('http://img3m1.ddimg.cn/36/23/28501641-1_l_8.jpg',)","(['54478条评论'],)","('100%推荐',)","('赖马',)","('2020-01-08',)","('¥45.80',)","('5.0折',)",null
"('29.',)","('东野圭吾：白夜行（易烊千玺、孟非推荐，东野圭吾作品无冕之王）',)","('http://img3m2.ddimg.cn/62/32/25119332-1_l_15.jpg',)","(['1852271条评论'],)","('99.9%推荐',)","('东野圭吾',)","('2017-08-09',)","('¥59.60',)","('5.0折',)",¥23.99
"('30.',)","('被讨厌的勇气：“自我启发之父”阿德勒的哲学课 岸见一郎',)","('http://img3m2.ddimg.cn/33/26/28518072-1_l_6.jpg',)","(['420487条评论'],)","('100%推荐',)","('岸見一郎',)","('2020-03-05',)","('¥55.00',)","('5.0折',)",¥9.99
"('31.',)","('生气王子',)","('http://img3m4.ddimg.cn/39/26/28501644-1_l_7.jpg',)","(['27698条评论'],)","('100%推荐',)","('赖马',)","('2020-01-08',)","('¥45.80',)","('5.0折',)",null
"('32.',)","('朱瑞福的游泳课——新书   首届丰子恺奖得主赖马作品！',)","('http://img3m7.ddimg.cn/67/8/29143687-1_l_6.jpg',)","(['10533条评论'],)","('100%推荐',)","('赖晓妍',)","('2020-10-20',)","('¥48.00',)","('5.0折',)",null
"('33.',)","('沉思录',)","('http://img3m9.ddimg.cn/43/26/20086549-1_l_3.jpg',)","(['260425条评论'],)","('99.3%推荐',)","('马可.奥勒留',)","('2008-02-01',)","('¥20.00',)","('5.0折',)",null
"('34.',)","('猜一猜我是谁？——（启发童书馆出品）',)","('http://img3m9.ddimg.cn/19/0/25199479-1_l_17.jpg',)","(['19792条评论'],)","('100%推荐',)","('赖马',)","('2017-12-01',)","('¥45.80',)","('5.0折',)",null
"('35.',)","('帕拉帕拉山的妖怪——（启发童书出品）',)","('http://img3m5.ddimg.cn/81/20/25575345-1_l_2.jpg',)","(['17276条评论'],)","('100%推荐',)","('赖马',)","('2018-09-30',)","('¥39.80',)","('5.0折',)",null
"('36.',)","('走遍世界 图说天下 寻梦之旅',)","('http://img3m1.ddimg.cn/79/24/29174191-1_l_9.jpg',)","(['86813条评论'],)","('100%推荐',)","('王秀莉',)","('2020-12-01',)","('¥29.90',)","('6.0折',)",null
"('37.',)","('半小时漫画中国史1-5（全5册）（中国史大结局！笑着笑着，大清就',)","('http://img3m1.ddimg.cn/22/12/29165521-1_l_14.jpg',)","(['26267条评论'],)","('100%推荐',)","('陈磊',)","('2020-12-31',)","('¥219.50',)","('5.0折',)",null
"('38.',)","('人间失格（日本小说家太宰治代表作，一个对村上春树影响至深的绝',)","('http://img3m5.ddimg.cn/56/4/23761145-1_l_10.jpg',)","(['2146277条评论'],)","('99.8%推荐',)","('太宰治',)","('2015-08-01',)","('¥25.00',)","('4.0折',)",¥4.99
"('39.',)","('菲菲生气了  ——美国凯迪克大奖绘本     夏洛特·佐罗托夫金奖绘',)","('http://img3m3.ddimg.cn/17/33/28495583-1_l_14.jpg',)","(['201997条评论'],)","('99%推荐',)","('莫莉·卞',)","('2020-02-18',)","('¥39.80',)","('5.0折',)",null
"('40.',)","('面纱（毛姆关于女性精神觉醒的经典作品，三次改编成电影。2018全',)","('http://img3m0.ddimg.cn/77/11/26445650-1_l_8.jpg',)","(['99901条评论'],)","('100%推荐',)","('毛姆',)","('2019-01-01',)","('¥27.00',)","('4.5折',)",null
