p***i,美心传统七星伴明月月饼1350g,,0,0,东西不错，多快好省相信京东,2021-09-19 09:11:55
杠***理,美心精装八宝月饼675g,,0,0,盒子破损，不知原因，未退换货,2021-09-19 09:07:22
****l,美心双黄莲蓉月饼740g,,0,0,美心的东西都不错，这款月饼不是很甜很腻，味道刚刚好,2021-09-19 09:05:55
****f,美心精装八宝月饼675g,,0,0,商品不错 在京东买东西寄送速度一流,2021-09-19 08:58:21
a***o,美心双黄白莲蓉月饼740g,,0,0,买了一天降价150，还有两天过节，没价保，?,2021-09-19 08:56:09
****d,美心传统七星伴明月月饼1350g,,0,0,拍下后一周才发货，收到时箱子像垃圾桶找出来的一样，价格还比普通超市贵几百块，客服除了一句非常抱歉没有解决方案，9号就配送了，怕我给差评10天了一直显示在配送中，是想拖到过节后没人卖月饼，不影响销售吗,2021-09-19 08:54:33
l***x,美心双黄白莲蓉月饼740g,,0,0,美心月饼质量不错一直购,2021-09-19 08:53:14
****k,美心精装八宝月饼675g,,0,0,好吃?,2021-09-19 08:47:44
路***尘,美心传统七星伴明月月饼1350g,,0,0,之前买过美心月饼，觉得很好吃，主要是贵，所以很长时间没买了，今年中秋节又想买美心月饼了，外壳很好看，很华丽的。京东送货速度快，上午下单下午到。超喜欢在京东没东西。这款月饼礼盒上的图案花纹非常美丽。,2021-09-19 08:47:20
c***7,美心双黄白莲蓉月饼740g,,0,0,价格贼贵贼贵的，质量还可以。,2021-09-19 08:35:31
拖***猪,美心精装八宝月饼675g,,3,2,月饼包装非常好，没有评论当中摔得那么糟糕。作为朋友圈中的网红月饼。除了极度的卖相诱人的卖相之外。味道也没得说。饼皮非常松软细腻。奶香浓郁。如果在微波炉加热之后。切开后流心直接流出来，看起来更诱人。不愧是月饼中的劳斯莱斯。吃完以后没有觉得像其他月饼一样油腻。美心月饼，无论是自己吃，还是买来送人都会显得特别高档。喜欢在京东购买商品，质量好，物流快。,2020-09-19 11:54:29
紫***下,美心精选口味限量版月饼730g,,1,3,美心月饼将中国传统节日的精髓和美食的极致做到了传承和完美融合！仿佛中秋节少了美心月饼就没有了灵魂。之所以深受大家喜爱，源于它精美绝伦的包装，入口难以忘怀的口味。这款月饼买了好几次了，精选蛋黄豆沙，双黄白莲蓉等6种经典口味，可以满足全家人的喜好。口感超级棒，遇到促销价格很美丽，一年一期的中秋节，有美心相伴，甜甜美美！,2020-11-25 11:33:53
d***n,美心传统七星伴明月月饼1350g,,0,0,中国香港 美心（Meixin）传统七星伴明月 港式月饼礼盒 1350g，这款月饼礼盒很大气，品质很不错，自己品尝或送礼都合适。,2020-09-22 09:49:12
s***e,美心双黄莲蓉月饼740g,,0,0,"1.正宗广式月饼。甜而不腻。味道非常好。莲容细腻，口感很棒。一股自然饼香。蛋黄也不腥。
2.独立包装，一盒4个。一个人吃一个会很撑，还是2人分一个好。",2021-09-12 23:57:59
画***儿,美心果仁五仁月饼740g,,0,1,香港美心月饼，今年买了好几盒，味道一如既往的好，价格小贵吧，一盒四块三百多，用料很足，家里有老人孩子都很爱吃，有买了几个送亲戚，很好的。包装很简单，一个铁骑盒子四块月饼，盒子还能装点东西，送货速度非常快，质量很好，一年吃一次挺满意,2020-10-06 19:25:48
南***侠,美心双黄白莲蓉月饼740g,,1,0,美心月饼可以用四个字形容：货真价实，手提袋、盒子、包装，都很普通，没有显示出一点的高档，但，美心一眼就能看出大气，再就是真真实实的月饼，让人完全能感觉出质朴和实在，完全没有浮夸、没有那种靠着包装来吸引，而是靠着一如既往的实实在在的月饼。选月饼，认美心！,2020-09-30 21:00:05
青***润,美心低糖蛋黄月饼540g,,0,2,香港美心的月饼，据说是香港最好的月饼，没有之一的，所以这次给公司弟兄们买的月饼直接就买了香港美心的月饼，每人一盒，买的也比较多，而且买了几个种类，我自己家里的就给我母亲买了一批糖的，其他的弟兄根据各自的不同，然后买了不同的美心月饼，包装精美，而且很漂亮，吃起来口感也非常好,2019-08-29 19:15:34
程***2,美心陈皮豆沙月饼420g,,0,2,小朋友喜欢吃豆沙口味的，昨天晚上购买的，今天上午就收到了。刚刚拆开试一试，越吃越好吃，这个豆沙口味跟蛋黄月饼比起来，各有特色，口味都超赞，坐着看电视把一盒月饼吃光了。,2020-09-14 20:01:50
s***e,美心双黄白莲蓉月饼740g,,2,3,美心月饼应该是小伙伴们都有所耳闻的了，除了极度诱人的卖相之外，味道也没得说。饼皮非常松软细腻，内馅儿是浓滑奶黄夹着甘沙咸蛋黄，软软糯糯，甜而不腻，直接流入口中。特别正宗的老香港的传统制作工艺制作，是那种会给你留下记忆的好吃。无论是送人还是自己吃都是首选。（店家很贴心的有准备包装袋送礼包装无压力）,2020-09-14 19:53:57
0***y,美心精选口味限量版730g,,0,2,中秋月饼礼盒送礼佳品！,2015-10-01 06:35:04
z***8,美心双黄豆沙月饼740g,,0,1,美心品牌，已经是由小朋友吃到现在了，無論蛋卷，西饼，月饼，都是最好的，一如既往的品质好，味道好，口感一流，美心月饼就更加不用说了，皮够薄，莲蓉，蛋黄都是十分香，十分滑，绝对是最好吃的月饼，在京东店买一定不担心物流的损坏，绝对值得信任和支持的美心京东店！,2020-11-12 18:48:03
紫***下,精选口味限量版月饼730g,,0,1,美心月饼，绝对是月饼界的傲娇和扛把子！美心美心，吃了真的美到心里！口口相传的好口碑造就了美心月饼的传世经典！毫不夸张的说，你如果品尝了第一口美心月饼，就绝对不会再买其它品牌的月饼了！我是去年第一次买它，入口的一瞬间，彻底颠覆了我对月饼已有的甜腻难吃的思维定势。今年果断买它，因为一见钟情它的美貌盒子。包装实在太精致了，月饼盒实在是神仙颜值！里面的月饼更让我为之倾倒！真的感叹是什么样的配料和烘焙大师赐予它难以忘怀的美味！莲蓉月饼绵软中满口香甜，有了咸蛋黄的映衬却又不甜腻，甜咸口味相得益彰。豆沙月饼软糯可口，让人回味无穷。五仁月饼营养和味觉同时在线，吃了使人身心愉悦。实在太满意美心月饼的品质！全家人在美心月饼的陪伴下，度过了一个难忘美好的中秋！我把无数的赞誉都给它，下一个中秋，依然选它！,2019-09-14 10:35:13
s***o,美心传统七星伴明月月饼1350g,,0,1,月饼非常好，包装大气、上档次，送礼很有面子，美心月饼的口感也是比较好，信得过产品。跟*猫相比，价格有优惠，发货也快，此外，京东快递超级快，今天拍明天准时送到，是我选择京东购买的直接理由。,2020-09-26 23:08:31
u***y,美心精装八宝月饼675g,,0,2,今年买的四件香港美心月饼第三件，美心八宝月饼，一盒集多款口感不同风味的月饼，莲蓉蛋黄、豆沙、五仁等等，各不相同，但是都很好吃，不油腻，入口即化，真的很好吃。,2020-10-02 20:52:28
g***4,美心精装八宝月饼675g,,0,3,京东的物流就是很快，第二天就到了，速度有保障的，而且每个月饼都是完整的，没有裂开，用来送礼送别人不怕，没担忧。原价268，当天活动价格-20后，用了全品类的优惠券10元，一共减去了30元的价格。还算可以的了，味道可是真的很不错的。,2020-09-14 21:01:31
****u,美心金装彩月月饼420g,,0,0,给自己、亲戚、父母都选的美心。嘻嘻&hellip;就是为了支持美心，味道好，实在，不是很甜，很好、以后中秋节就都是美心了，以前只吃过蛋卷，没想到月饼也这么好，物流速度老快了,2021-09-13 15:50:17
唐***菜,美心精装八宝月饼675g,,0,0,每年都会买美心家的月饼，他们家的月饼确实好吃，比起其他品牌的月饼不管是从口感上还是精美上都非常不错，送人确实有面子，如果自己在家和家里人分享吃的话也非常不错，口感上非常丰富，真心好吃！唯一的缺点就是太贵了，希望性价比更高些就更好了！,2020-09-25 20:59:34
铁***8,美心果仁五仁月饼740g,,0,0,确实是高质量的月饼，皮薄馅多，五仁月饼果仁非常丰富饱满，经典的味道，简约而恰到好处的包装，一切都很完美。非要挑点刺的话，蜜饯用的稍多了点，整体过甜了一点。,2020-09-29 21:45:07
s***e,美心果仁五仁月饼740g,,0,0,"1.很好吃的正宗广式五仁月饼。馅的甜度，柔软度都刚刚好，非常喜欢，月饼香味自然，甜而不腻。
2.独立包装，第二天就送货上门。建议两个分吃一个，一人独食会太撑。",2021-09-13 00:03:05
R***9,美心双黄豆沙月饼740g,,0,1,美心双黄豆沙月饼?真的好好吃哦?！最喜欢吃豆沙?，这次买个美心的双蛋黄月饼?吃吃看，确实名不虚传，非常好吃。豆沙很细腻柔软，蛋黄是双黄的，一切开蛋黄就流油，看着非常有食欲。家里人也都说很好吃。虽然价格比较贵，不过一年一次也不算什么了。五星好评。,2020-10-12 19:28:18
南***侠,美心双黄白莲蓉月饼740g,,0,0,美心月饼确实不错，特别是双黄莲，不仅在香港，大陆也很有名。首先，个人感觉是比较实在，不像大陆的很多都盒子很大很重，月饼却很轻，没占多少，而且做的也不好吃，味道口感比较差，美心的吃起来也不油腻，所以后来送人基本都是送美心，特别是大陆内地的朋友领导感觉很合适、也有特色。前几年中秋前都会专门去香港买月饼，现在京东自营有了店，在内地送人基本就可以上京东买了再送，确实很放心，很方便！,2020-09-20 14:11:33
慧***澜,美心双黄白莲蓉月饼740g,,0,3,买来送人的，包装很好 盒子看起来很有质感，比较精致、颜值高，没仔细看好像没有破损碎掉的，日期新鲜，保质期也还可以 挺长的，软软的，奶香味很浓很浓，看了看配料表，这款月饼里属它最复杂 就是太贵了，感觉送人还行，自己吃真是有点太贵了。物流还是很给力了，快递小哥服务态度也很好。,2020-09-28 00:54:31
****醉,美心精选口味限量版月饼730g,,0,1,京东商城促销力度很大大，隔日达真心快，日期新鲜。大名鼎鼎的美心月饼最爱传统风味，虽然流心的也好吃?家人都喜欢蛋黄莲蓉和五仁的。同时一起订的原味蛋卷好好吃，蛋香浓郁家人都很喜欢。今年中秋国庆同一天，一家人驱车出游中秋晚餐在服务区吃月饼赏月别有风味,2020-10-03 23:11:47
a***0,美心双黄白莲蓉月饼740g,,2,3,应该是真品，纯正香港制造，还有繁体的防伪查询码，应该不是广东这边制造做的，物流也很给力，很快就送到了，依旧是经典的传统口味,2020-09-10 19:02:04
滴***9,美心精装八宝月饼650g,,1,67,因为看了人民日报的推送，你才特意买的这个牌子的月饼，嗯，包装可以说很简洁很大方，颜色呢就是很高档的这种金棕色，打开之后那里面有一个很好的盒子，里面是8块月饼，明天早上喝咖啡，吃月饼，推荐买。支持美心，加油香港。,2019-09-08 22:38:57
-***-,美心传统七星伴明月月饼1350g,,0,0,价格方面偏贵点进口、品牌、口碑也值这个价。其次包装方面，有礼盒外加一个手提袋，商品符合度一致，礼盒很精美，有雕刻，形状很新颖。再有就是物流包装细节很到位配送人员也是很用心，态度很好速度快。总体来说很好的一次购物体验。,2020-09-23 15:34:05
某***1,美心双黄白莲蓉月饼740g,,0,0,京东送货速度快东西是正品，口感特别好，这些年一直在京东上购买还能省快递费，真的特别不错，就是有时候价格会比市场上卖得高支持京东非常不错。,2020-11-26 18:16:30
椰***0,美心精装八宝月饼675g,,0,0,香港的美心和大班冰皮月饼都是很有名的，往年都是买的稻香村的今年换换口味，吃起来感觉皮更细腻，里面的馅也没那么甜，不会很腻，南方的月饼确实要比北方的更加精致些，味道更好些，家里人都喜欢，又入手几盒准备送亲戚朋友。,2020-09-29 08:57:29
l***a,美心陈皮月饼360g,,3,1,很好吃的豆沙月饼，我的最爱，美心的月饼，对得起她这个大品牌豆沙不是很甜，然后品质非常棒，我认为为的话就是美味不可多得的东东支持香港原创哦,2019-09-23 03:35:43
独***客,莲蓉740g,,0,1,送礼只好，质量不错，品质保证,2015-01-09 10:35:11
u***s,美心精选口味限量版月饼730g,,0,0,香港美心月饼，生产地在香港，跟内地也没区别，月饼品牌当中也是头部品牌，价格也是很给力拿去送人拿得出手，生产日期新鲜，京东物流很给力,2020-09-25 11:16:56
i***i,美心低糖蛋黄白莲蓉月饼540g,,0,1,曲院风荷的经典铁盒包装，非常应景，非常养眼！因为是低糖的，买来给父母大人品尝╭&cap;╮（￣▽￣）╭&cap;╮。淡淡的甜味，软糯的莲蓉，更衬出蛋黄的咸香。吃在嘴里，甜在心里，真是美胃又美心！美心月饼，低糖更健康！,2020-09-12 16:56:48
****2,美心精选口味限量版月饼730g,,0,0,前天买了两盒，因为好吃，又买了两盒送人，外包装很精致，高大上，有一个拎袋，是纸的，图案好看，但不一定很结实，里面是铁盒，很漂亮。月饼本身非常细腻软糯，咸蛋黄沙中带鲜，莲蓉入口即化，甜而不腻，软而不柴，很美味。6个月饼两大四小，口味略有不同，自己吃或者送人都非常有档次,2020-09-19 08:06:49
喵***溜,美心双黄白莲蓉月饼740g,,0,0,首先感谢京东小哥配送员。中秋节买月饼第一选择就是京东，因为可以送到家门口，特别方便特别省事。美心月饼特别火，今年过节就想给家里人买来尝尝，美中不足就是盒子有一点磕碰，不不过月饼都是完好无损的，这一点要点赞。以后还会在京东上买，支持京东！,2019-09-13 11:39:50
h***h,美心精装八宝月饼675g,,0,0,美心月饼一直是心目中的大品牌，价格很贵，包装精美，其实吃吃也就这样！但是，中秋送礼，配上一盒美心月饼，倍儿有面子！这次正好需要，就买了一盒，提手里配上其他礼物，确实档次提升了不少！,2020-10-13 12:43:35
u***h,美心精装八宝月饼675g,,0,1,大牌就是大牌，价格贵但质量在那里放着！味道、口感确实不一样，孩子只喜欢吃这个，别的都不吃了&hellip;&hellip;里面蛋黄带油，月饼吃起来油而不腻，甜度也不是很腻的那种，吃起来很细腻，真心不错，有外包装纸袋子很结实，方便提拎，&hellip;&hellip;,2020-10-22 08:59:48
享***在,美心双黄白莲蓉月饼740g,,9,8,月饼很好，绝对正品，京东发货也快，味道有点太甜，但是蛋黄超多！,2017-09-01 13:22:27
z***5,美心精装八宝月饼675g,,0,0,客气小姐姐很棒，有问题立刻处理好了。美心包装大气上档次，包装也完好，没有担心的那样边角有破损。就是许久没有以前那么高效了，望改进！,2020-09-27 18:32:21
h***j,美心精选口味限量版月饼730g,,0,0,美心月饼，香港知名品牌，多次购买美心的小点心，饼干、蛋卷、流心月饼等，味道相当不错，现在京东很方便，直接订货到家，不用千里迢迢的再去香港了。,2020-09-28 08:13:58
瓜***茶,美心凤梨酥月饼礼盒344g,,0,0,一盒六个月饼两块凤梨酥，适合人少家庭。芝士臭香，巧克力微苦，凤梨略酸，味道都很正。赞！,2020-10-01 19:12:23
j***活,,,0,2,相信美心的品质，一如既往的好吃，吃了一大块了还是停不下来，甜度适中，味道也是超级棒，很符合年轻人的口味，豆沙香糯，蛋黄香气四溢，一级棒,2019-09-20 16:03:23
u***3,美心双黄白莲蓉月饼740g,,0,0,物美价廉，服务态度特别好，物流速度特别快,2020-09-10 01:57:41
米***界,精选口味限量版月饼730g,,0,0,香港美心月饼，月饼中的精品，包装好，外观精美，是送人的最佳选择。美心月饼也是我家的最爱，香甜软糯，味美可口，每逢佳节会有不少亲朋好友送来美心月饼，我们也会买各种各样的月饼送给亲朋好友。支持美心月饼，支持京东。,2019-09-10 18:14:26
e***y,美心精装八宝月饼675g,,0,0,非常棒的月饼，看了很长时间才下手，价格有点小贵，但是送礼嘛，也无所谓了。美心的月饼包装很有档次，属于低调奢华的，很有品味很喜欢，月饼本身味道也很好,2020-11-07 13:25:38
****b,美心双黄莲蓉月饼740g,,0,0,非常好、美心月饼一直都是我非常喜欢的品牌、月饼很好吃、送人也非常的高端、大气、上档次、 物流很快、快递小哥哥态度也很好、 到了之后月饼没有破碎包装非常完美、赶上活动购买也非常合适、下回还会继续回购的。,2020-10-10 22:13:21
悠***3,美心双黄豆沙月饼740g,,0,0,美心月饼我一直购买，大概有十年时间了，送客户和朋友也是相当体面的！这款双黄豆沙月饼，口感是相当好，豆沙细腻，入口即化，双黄也是名不虚传的，出油很多不收很咸，恰到好处的味道才是最棒的！每年都要买上几盒，家里孩子也是特别爱吃，大品牌值得信赖，以后还会继续购买，京东自营比起实体店还便宜一些，棒棒哒?,2020-10-26 04:02:24
u***c,精选口味限量版月饼730g,,0,0,不知道啥味道，也没尝尝，就送人了，不过包装很精美，外边很美观。,2018-09-19 09:19:05
某***1,美心双黄白莲蓉月饼740g,,0,0,年年都在京东买，送货速度特别快，口感很好，正品有保证，还有发票，送客户远地方快递不用管，直接送到客户手上，京东的物流到的地方很赞，送货速度快赞赞赞，支持京东支持京东,2020-11-25 19:31:00
c***1,美心精装八宝月饼650g,,0,0,配送满了，过完中秋节才收到。,2019-09-14 14:36:35
y***3,美心精装八宝月饼650g,,0,0,买了两盒不一样的，很多种口味，美心月饼真的是名不虚传，很好吃，也不会甜腻，值得购买！,2019-09-29 07:42:37
A***0,美心精装八宝月饼675g,,0,0,不错送人的,2021-09-19 12:01:45
****h,美心精装八宝月饼675g,,0,0,没有礼盒，这不是很尴尬,2021-09-19 11:56:40
N***5,美心双黄白莲蓉月饼740g,,0,0,美味来自京东，质量有保障，物流超及时！,2021-09-19 11:55:11
****d,美心精选口味限量版月饼730g,,0,0,量大，口感好，家人非常喜欢?,2021-09-19 11:53:16
顺***森,美心双黄白莲蓉月饼740g,,0,0,买了两盒过两天中秋节吃的 心愿团圆 美心莲蓉,2021-09-19 11:48:44
****清,美心精装八宝月饼675g,,0,0,送礼的，这包装不谈用个铁盒，你也别一送过来就是坏的啊,2021-09-19 11:48:41
z***g,美心精装八宝月饼675g,,0,0,美心月饼，口感很好，每年都买,2021-09-19 11:47:18
u***g,美心精装八宝月饼675g,,0,0,无外包装包裹保护包裹。月饼盒包装损坏严重，无手提袋。,2021-09-19 11:43:07
a***a,美心精装八宝月饼675g,,0,0,大东子，是京东的灵魂。确实牛,2021-09-19 11:38:14
盛***纹,美心传统七星伴明月月饼1350g,,0,0,此用户未填写评价内容,2021-09-19 11:37:40
B***B,美心果仁五仁月饼740g,,0,0,"之前每年中秋节都去香港顺便买回来，现在各种原因对香港没啥想法了，京东买很方便，也快，何乐而不为呢？
美心是香港良心爱国企业，支持",2021-09-13 10:45:16
m***l,美心双黄白莲蓉月饼740g,,0,0,每年一度的节日，先抓紧时间搞几个月饼778。美心的月饼还是值得一吃，尽管热量是极高的，口感却是极好的，不能多吃，尝尝鲜即可。这次买了流心和椰蓉，外加一罐蛋卷，快递速度相当可以，上午订，晚上就已经送到了，给力！,2020-09-04 20:55:17
刘***6,美心双黄白莲蓉月饼740g,,0,0,美心是个老牌子的月饼?了，口碑非常好，每年中秋节都会送给客户家人或者自己吃都很合适，商家寄来月饼没有外面的袋子，跟客服说了很快就给补发了，不得不说京东的售后真的很不错，物流也很快，总之来说就是很满意好评,2020-09-28 08:23:26
****p,美心陈皮豆沙月饼420g,,5,6,香港的这个美心月饼，他这个是陈皮豆沙的呃，本人觉得他就口味是非常好的。然后就陈皮有豆沙。嗯，豆沙很细腻，陈皮的，味道也很纯正，小小的一个。我觉得非常好吃。整体上价格的上涨还是挺明显的。这个月饼是越来越贵。,2020-09-05 16:45:04
韩***缺,美心凤梨酥月饼礼盒344g,,0,0,可以说是非常的好吃，口感很舒服很浓郁，奶黄流心真的是能流出来的感觉，吃起来和常规的月饼不同，口感更丰富，吃完齿颊留香，回味无穷！,2020-11-01 03:09:41
****5,美心精装八宝月饼675g,,0,0,一个优秀的网上购物平台，一个爱国的企业，一个非常爱欢迎的品牌，一个非常好吃的月饼，一个特别的日子，所以一定来支持。这次疫情无法亲自到香港，所以选择用京东物流港澳配送服务，用时五天，其中有周六日，所以这是非常好的服务。关于产品，美心是没二话的产品，非常棒，会一直支持的，加油,2020-09-25 10:08:17
****3,美心金装彩月月饼420g,,10,24,香港美心是一个爱国企业，无条件支持。月饼本身也非常好吃，吃了很多年了。吃的时候最好用烤箱稍微烤一下，把蛋黄的油烤出来，再加上莲蓉本身的香味放在一起，非常好吃。而且美心月饼的月饼盒也做得很漂亮，吃完可以用来放东西。,2020-09-02 23:17:12
****z,美心双黄白莲蓉月饼740g,,0,0,美心月饼香港三大品牌之一，连续11年被评为销售冠军，得到广大消费者认可与肯定。美心双黄白莲蓉月饼甜咸分明油而不腻，口感极好家人非常喜爱，相比之下虽然有一点小贵，但是物有所值。客服态度热情，服务贴心周到，京东快递迅速给力！,2020-09-23 21:14:41
M***蔓,美心金装彩月月饼420g,,0,2,香港美心月饼，老牌子，味道还不错，包装也很精美，铁皮盒子很经典，价格也不便宜，但是因为它是爱国企业，我也要支持它一下，外面假货太多，相信京东旗舰店一定是正品，买了两盒，送给亲戚。,2020-09-24 23:04:34
p***0,美心双黄白莲蓉月饼740g,,9,4,不愧是美心的月饼，确实很好吃！饼皮薄软！白莲蓉细密绵软，甜度适中，不会很腻，有淡淡的莲子的清香味！咸蛋黄起沙流油，咸香四溢，很好的中和了白莲蓉的绵腻！包装盒很精美漂亮，赠送的纸袋印刷质量很高，完全对得起美心的档次和价位！,2019-08-31 20:58:49
若***静,美心果仁五仁月饼740g,,0,0,中秋节买的月饼，非常不错，是正品，好吃，下次还会购买的。分量很足，包装精美，家里老人挺爱吃的，物流很快，预约时间准时送达，好评,2021-09-19 11:22:09
若***静,美心果仁五仁月饼740g,,0,0,月饼收到了，包装很好，没有破损，传统贴个包装，一盒四个，看着还不错，吃起来也挺好，价格略贵，物流挺快的，好评，两天就收到了,2021-09-19 11:19:37
****w,美心双黄白莲蓉月饼740g,,0,0,物流满分?，包装快递满分?，配送员态度满分?，购物让人开心，吃土使我快乐~?????????特别满意，好评必须好评很好看，制作工艺很精美，材质也很好！给个赞！尺寸刚刚好，质量也非常好，店家的包装太用心了，值得推荐！,2021-09-19 11:16:41
纠***g,美心低糖蛋黄白莲蓉月饼540g,,0,0,河马比这便宜100,2021-09-19 11:15:53
****a,美心精装八宝月饼675g,,1,0,简直就是垃圾，怎么送礼？？？？？,2021-09-19 11:07:58
u***q,美心金装彩月月饼420g,,0,0,味道可以,2021-09-19 11:02:54
直***j,美心双黄白莲蓉月饼740g,,0,0,送货快服务好，日期不新鲜，哎,2021-09-19 11:00:41
****u,美心精装八宝月饼675g,,0,0,无力吐槽，京东的美心月饼和商场里面的差远了，口味也差一些，服务也差 买了他就降价 还拒绝保价，我服了这样的商家，还不允许退货，真做的出来，好不容易退货，好几天都不退你钱，服务是全网第一差 没有之一。,2021-09-19 11:00:32
直***j,美心双黄白莲蓉月饼740g,,0,0,送货还是一如既往的快，就是日期不太好，20210723的，不支持备注发新日期，差评,2021-09-19 11:00:08
****1,美心精装八宝月饼675g,,0,0,本来挺满意的，可能是袋子要付钱吧.说一声也不是不能买。,2021-09-19 11:00:00
****i,美心金装彩月月饼420g,,0,0,口味很好啊！喜欢的月饼口味,2021-09-19 10:59:05
c***g,美心双黄白莲蓉月饼740g,,0,0,物流速度很快，一次较好的购物体验！,2021-09-19 10:54:14
小***e,美心精装八宝月饼675g,,0,0,质量超好，物流超快，服务超满意。,2021-09-19 10:53:38
C***C,美心金装彩月月饼420g,,0,0,味道还是一如既往的好，买给妈妈的，妈妈很喜欢,2021-09-19 10:51:50
****t,美心双黄白莲蓉月饼740g,,0,0,每年必买的月饼，从小吃到大，包装简易，但是很喜欢双黄莲蓉，至今也不吃其他口味的，今年早早就买好了，送货也很快，收到货品包装不错。,2021-09-19 10:51:06
葡***0,美心精装八宝月饼675g,,0,0,买来送人的，包装收到就是坏的...，直接塑料袋里什么填充都没有，套在月饼盒子外面，两个角都裂了,2021-09-19 10:45:28
W***温,美心金装彩月月饼420g,,0,0,发货特别特别快，长草这个牌子很久了。赶上京东9月9日，有活动超值。月饼味道很赞！包装也高大上，非常适合送亲朋。,2021-09-19 10:40:55
****P,美心双黄豆沙月饼740g,,0,0,非常好吃,2021-09-19 10:27:21
陈***姐,美心精装八宝月饼675g,,0,0,包装精美发货快，活动价格优惠,2021-09-19 10:22:42
****6,美心双黄白莲蓉月饼740g,,0,0,一直买这个牌很多年了，加油！！！,2021-09-19 10:22:12
拖***猪,美心精装八宝月饼675g,,3,2,月饼包装非常好，没有评论当中摔得那么糟糕。作为朋友圈中的网红月饼。除了极度的卖相诱人的卖相之外。味道也没得说。饼皮非常松软细腻。奶香浓郁。如果在微波炉加热之后。切开后流心直接流出来，看起来更诱人。不愧是月饼中的劳斯莱斯。吃完以后没有觉得像其他月饼一样油腻。美心月饼，无论是自己吃，还是买来送人都会显得特别高档。喜欢在京东购买商品，质量好，物流快。,2020-09-19 11:54:29
紫***下,美心精选口味限量版月饼730g,,1,3,美心月饼将中国传统节日的精髓和美食的极致做到了传承和完美融合！仿佛中秋节少了美心月饼就没有了灵魂。之所以深受大家喜爱，源于它精美绝伦的包装，入口难以忘怀的口味。这款月饼买了好几次了，精选蛋黄豆沙，双黄白莲蓉等6种经典口味，可以满足全家人的喜好。口感超级棒，遇到促销价格很美丽，一年一期的中秋节，有美心相伴，甜甜美美！,2020-11-25 11:33:53
d***n,美心传统七星伴明月月饼1350g,,0,0,中国香港 美心（Meixin）传统七星伴明月 港式月饼礼盒 1350g，这款月饼礼盒很大气，品质很不错，自己品尝或送礼都合适。,2020-09-22 09:49:12
s***e,美心双黄莲蓉月饼740g,,0,0,"1.正宗广式月饼。甜而不腻。味道非常好。莲容细腻，口感很棒。一股自然饼香。蛋黄也不腥。
2.独立包装，一盒4个。一个人吃一个会很撑，还是2人分一个好。",2021-09-12 23:57:59
画***儿,美心果仁五仁月饼740g,,0,1,香港美心月饼，今年买了好几盒，味道一如既往的好，价格小贵吧，一盒四块三百多，用料很足，家里有老人孩子都很爱吃，有买了几个送亲戚，很好的。包装很简单，一个铁骑盒子四块月饼，盒子还能装点东西，送货速度非常快，质量很好，一年吃一次挺满意,2020-10-06 19:25:48
南***侠,美心双黄白莲蓉月饼740g,,1,0,美心月饼可以用四个字形容：货真价实，手提袋、盒子、包装，都很普通，没有显示出一点的高档，但，美心一眼就能看出大气，再就是真真实实的月饼，让人完全能感觉出质朴和实在，完全没有浮夸、没有那种靠着包装来吸引，而是靠着一如既往的实实在在的月饼。选月饼，认美心！,2020-09-30 21:00:05
青***润,美心低糖蛋黄月饼540g,,0,2,香港美心的月饼，据说是香港最好的月饼，没有之一的，所以这次给公司弟兄们买的月饼直接就买了香港美心的月饼，每人一盒，买的也比较多，而且买了几个种类，我自己家里的就给我母亲买了一批糖的，其他的弟兄根据各自的不同，然后买了不同的美心月饼，包装精美，而且很漂亮，吃起来口感也非常好,2019-08-29 19:15:34
程***2,美心陈皮豆沙月饼420g,,0,2,小朋友喜欢吃豆沙口味的，昨天晚上购买的，今天上午就收到了。刚刚拆开试一试，越吃越好吃，这个豆沙口味跟蛋黄月饼比起来，各有特色，口味都超赞，坐着看电视把一盒月饼吃光了。,2020-09-14 20:01:50
s***e,美心双黄白莲蓉月饼740g,,2,3,美心月饼应该是小伙伴们都有所耳闻的了，除了极度诱人的卖相之外，味道也没得说。饼皮非常松软细腻，内馅儿是浓滑奶黄夹着甘沙咸蛋黄，软软糯糯，甜而不腻，直接流入口中。特别正宗的老香港的传统制作工艺制作，是那种会给你留下记忆的好吃。无论是送人还是自己吃都是首选。（店家很贴心的有准备包装袋送礼包装无压力）,2020-09-14 19:53:57
0***y,美心精选口味限量版730g,,0,2,中秋月饼礼盒送礼佳品！,2015-10-01 06:35:04
z***8,美心双黄豆沙月饼740g,,0,1,美心品牌，已经是由小朋友吃到现在了，無論蛋卷，西饼，月饼，都是最好的，一如既往的品质好，味道好，口感一流，美心月饼就更加不用说了，皮够薄，莲蓉，蛋黄都是十分香，十分滑，绝对是最好吃的月饼，在京东店买一定不担心物流的损坏，绝对值得信任和支持的美心京东店！,2020-11-12 18:48:03
紫***下,精选口味限量版月饼730g,,0,1,美心月饼，绝对是月饼界的傲娇和扛把子！美心美心，吃了真的美到心里！口口相传的好口碑造就了美心月饼的传世经典！毫不夸张的说，你如果品尝了第一口美心月饼，就绝对不会再买其它品牌的月饼了！我是去年第一次买它，入口的一瞬间，彻底颠覆了我对月饼已有的甜腻难吃的思维定势。今年果断买它，因为一见钟情它的美貌盒子。包装实在太精致了，月饼盒实在是神仙颜值！里面的月饼更让我为之倾倒！真的感叹是什么样的配料和烘焙大师赐予它难以忘怀的美味！莲蓉月饼绵软中满口香甜，有了咸蛋黄的映衬却又不甜腻，甜咸口味相得益彰。豆沙月饼软糯可口，让人回味无穷。五仁月饼营养和味觉同时在线，吃了使人身心愉悦。实在太满意美心月饼的品质！全家人在美心月饼的陪伴下，度过了一个难忘美好的中秋！我把无数的赞誉都给它，下一个中秋，依然选它！,2019-09-14 10:35:13
s***o,美心传统七星伴明月月饼1350g,,0,1,月饼非常好，包装大气、上档次，送礼很有面子，美心月饼的口感也是比较好，信得过产品。跟*猫相比，价格有优惠，发货也快，此外，京东快递超级快，今天拍明天准时送到，是我选择京东购买的直接理由。,2020-09-26 23:08:31
u***y,美心精装八宝月饼675g,,0,2,今年买的四件香港美心月饼第三件，美心八宝月饼，一盒集多款口感不同风味的月饼，莲蓉蛋黄、豆沙、五仁等等，各不相同，但是都很好吃，不油腻，入口即化，真的很好吃。,2020-10-02 20:52:28
g***4,美心精装八宝月饼675g,,0,3,京东的物流就是很快，第二天就到了，速度有保障的，而且每个月饼都是完整的，没有裂开，用来送礼送别人不怕，没担忧。原价268，当天活动价格-20后，用了全品类的优惠券10元，一共减去了30元的价格。还算可以的了，味道可是真的很不错的。,2020-09-14 21:01:31
****u,美心金装彩月月饼420g,,0,0,给自己、亲戚、父母都选的美心。嘻嘻&hellip;就是为了支持美心，味道好，实在，不是很甜，很好、以后中秋节就都是美心了，以前只吃过蛋卷，没想到月饼也这么好，物流速度老快了,2021-09-13 15:50:17
唐***菜,美心精装八宝月饼675g,,0,0,每年都会买美心家的月饼，他们家的月饼确实好吃，比起其他品牌的月饼不管是从口感上还是精美上都非常不错，送人确实有面子，如果自己在家和家里人分享吃的话也非常不错，口感上非常丰富，真心好吃！唯一的缺点就是太贵了，希望性价比更高些就更好了！,2020-09-25 20:59:34
铁***8,美心果仁五仁月饼740g,,0,0,确实是高质量的月饼，皮薄馅多，五仁月饼果仁非常丰富饱满，经典的味道，简约而恰到好处的包装，一切都很完美。非要挑点刺的话，蜜饯用的稍多了点，整体过甜了一点。,2020-09-29 21:45:07
s***e,美心果仁五仁月饼740g,,0,0,"1.很好吃的正宗广式五仁月饼。馅的甜度，柔软度都刚刚好，非常喜欢，月饼香味自然，甜而不腻。
2.独立包装，第二天就送货上门。建议两个分吃一个，一人独食会太撑。",2021-09-13 00:03:05
R***9,美心双黄豆沙月饼740g,,0,1,美心双黄豆沙月饼?真的好好吃哦?！最喜欢吃豆沙?，这次买个美心的双蛋黄月饼?吃吃看，确实名不虚传，非常好吃。豆沙很细腻柔软，蛋黄是双黄的，一切开蛋黄就流油，看着非常有食欲。家里人也都说很好吃。虽然价格比较贵，不过一年一次也不算什么了。五星好评。,2020-10-12 19:28:18
南***侠,美心双黄白莲蓉月饼740g,,0,0,美心月饼确实不错，特别是双黄莲，不仅在香港，大陆也很有名。首先，个人感觉是比较实在，不像大陆的很多都盒子很大很重，月饼却很轻，没占多少，而且做的也不好吃，味道口感比较差，美心的吃起来也不油腻，所以后来送人基本都是送美心，特别是大陆内地的朋友领导感觉很合适、也有特色。前几年中秋前都会专门去香港买月饼，现在京东自营有了店，在内地送人基本就可以上京东买了再送，确实很放心，很方便！,2020-09-20 14:11:33
慧***澜,美心双黄白莲蓉月饼740g,,0,3,买来送人的，包装很好 盒子看起来很有质感，比较精致、颜值高，没仔细看好像没有破损碎掉的，日期新鲜，保质期也还可以 挺长的，软软的，奶香味很浓很浓，看了看配料表，这款月饼里属它最复杂 就是太贵了，感觉送人还行，自己吃真是有点太贵了。物流还是很给力了，快递小哥服务态度也很好。,2020-09-28 00:54:31
****醉,美心精选口味限量版月饼730g,,0,1,京东商城促销力度很大大，隔日达真心快，日期新鲜。大名鼎鼎的美心月饼最爱传统风味，虽然流心的也好吃?家人都喜欢蛋黄莲蓉和五仁的。同时一起订的原味蛋卷好好吃，蛋香浓郁家人都很喜欢。今年中秋国庆同一天，一家人驱车出游中秋晚餐在服务区吃月饼赏月别有风味,2020-10-03 23:11:47
a***0,美心双黄白莲蓉月饼740g,,2,3,应该是真品，纯正香港制造，还有繁体的防伪查询码，应该不是广东这边制造做的，物流也很给力，很快就送到了，依旧是经典的传统口味,2020-09-10 19:02:04
滴***9,美心精装八宝月饼650g,,1,67,因为看了人民日报的推送，你才特意买的这个牌子的月饼，嗯，包装可以说很简洁很大方，颜色呢就是很高档的这种金棕色，打开之后那里面有一个很好的盒子，里面是8块月饼，明天早上喝咖啡，吃月饼，推荐买。支持美心，加油香港。,2019-09-08 22:38:57
-***-,美心传统七星伴明月月饼1350g,,0,0,价格方面偏贵点进口、品牌、口碑也值这个价。其次包装方面，有礼盒外加一个手提袋，商品符合度一致，礼盒很精美，有雕刻，形状很新颖。再有就是物流包装细节很到位配送人员也是很用心，态度很好速度快。总体来说很好的一次购物体验。,2020-09-23 15:34:05
某***1,美心双黄白莲蓉月饼740g,,0,0,京东送货速度快东西是正品，口感特别好，这些年一直在京东上购买还能省快递费，真的特别不错，就是有时候价格会比市场上卖得高支持京东非常不错。,2020-11-26 18:16:30
椰***0,美心精装八宝月饼675g,,0,0,香港的美心和大班冰皮月饼都是很有名的，往年都是买的稻香村的今年换换口味，吃起来感觉皮更细腻，里面的馅也没那么甜，不会很腻，南方的月饼确实要比北方的更加精致些，味道更好些，家里人都喜欢，又入手几盒准备送亲戚朋友。,2020-09-29 08:57:29
l***a,美心陈皮月饼360g,,3,1,很好吃的豆沙月饼，我的最爱，美心的月饼，对得起她这个大品牌豆沙不是很甜，然后品质非常棒，我认为为的话就是美味不可多得的东东支持香港原创哦,2019-09-23 03:35:43
独***客,莲蓉740g,,0,1,送礼只好，质量不错，品质保证,2015-01-09 10:35:11
s***1,美心传统七星伴明月月饼1350g,,0,0,盒子的四个角都坏了，快递也超时1天，京东最差的一次购物体验，要不是急着送礼就退货了,2021-09-19 13:07:53
****j,美心金装彩月月饼420g,,0,0,完美！,2021-09-19 13:07:50
V***9,美心双黄白莲蓉月饼740g,,0,0,美心月饼确实味道非常好，大品牌就是有保障，物有所值，尽管价格不便宜，但是一分价钱一分货，还是非常满意的，物流速度也很快。自己吃的东西还是应该买好一些有保障的。,2021-09-19 13:02:51
5***m,美心双黄白莲蓉月饼740g,,0,0,不错不错，就是有点小贵。,2021-09-19 12:53:28
1***g,美心精装八宝月饼675g,,0,0,包装太差，退货,2021-09-19 12:50:05
f***t,美心双黄白莲蓉月饼740g,,0,0,还没吃，给家里买的，希望口味不错,2021-09-19 12:47:02
f***t,美心双黄白莲蓉月饼740g,,0,0,还没吃，给家里买的，希望口味不错,2021-09-19 12:46:45
****a,美心双黄白莲蓉月饼740g,,0,0,没礼品袋谁买这东西，拿个铁盒子去送人吗,2021-09-19 12:45:25
****j,美心精装八宝月饼675g,,0,0,连个手提袋都没有，怎么送人？,2021-09-19 12:43:22
****m,美心传统七星伴明月月饼1350g,,0,0,垃圾包装,2021-09-19 12:39:51
j***活,,,0,2,相信美心的品质，一如既往的好吃，吃了一大块了还是停不下来，甜度适中，味道也是超级棒，很符合年轻人的口味，豆沙香糯，蛋黄香气四溢，一级棒,2019-09-20 16:03:23
u***3,美心双黄白莲蓉月饼740g,,0,0,物美价廉，服务态度特别好，物流速度特别快,2020-09-10 01:57:41
米***界,精选口味限量版月饼730g,,0,0,香港美心月饼，月饼中的精品，包装好，外观精美，是送人的最佳选择。美心月饼也是我家的最爱，香甜软糯，味美可口，每逢佳节会有不少亲朋好友送来美心月饼，我们也会买各种各样的月饼送给亲朋好友。支持美心月饼，支持京东。,2019-09-10 18:14:26
e***y,美心精装八宝月饼675g,,0,0,非常棒的月饼，看了很长时间才下手，价格有点小贵，但是送礼嘛，也无所谓了。美心的月饼包装很有档次，属于低调奢华的，很有品味很喜欢，月饼本身味道也很好,2020-11-07 13:25:38
****b,美心双黄莲蓉月饼740g,,0,0,非常好、美心月饼一直都是我非常喜欢的品牌、月饼很好吃、送人也非常的高端、大气、上档次、 物流很快、快递小哥哥态度也很好、 到了之后月饼没有破碎包装非常完美、赶上活动购买也非常合适、下回还会继续回购的。,2020-10-10 22:13:21
悠***3,美心双黄豆沙月饼740g,,0,0,美心月饼我一直购买，大概有十年时间了，送客户和朋友也是相当体面的！这款双黄豆沙月饼，口感是相当好，豆沙细腻，入口即化，双黄也是名不虚传的，出油很多不收很咸，恰到好处的味道才是最棒的！每年都要买上几盒，家里孩子也是特别爱吃，大品牌值得信赖，以后还会继续购买，京东自营比起实体店还便宜一些，棒棒哒?,2020-10-26 04:02:24
u***c,精选口味限量版月饼730g,,0,0,不知道啥味道，也没尝尝，就送人了，不过包装很精美，外边很美观。,2018-09-19 09:19:05
某***1,美心双黄白莲蓉月饼740g,,0,0,年年都在京东买，送货速度特别快，口感很好，正品有保证，还有发票，送客户远地方快递不用管，直接送到客户手上，京东的物流到的地方很赞，送货速度快赞赞赞，支持京东支持京东,2020-11-25 19:31:00
c***1,美心精装八宝月饼650g,,0,0,配送满了，过完中秋节才收到。,2019-09-14 14:36:35
y***3,美心精装八宝月饼650g,,0,0,买了两盒不一样的，很多种口味，美心月饼真的是名不虚传，很好吃，也不会甜腻，值得购买！,2019-09-29 07:42:37
拣***巴,美心精装八宝月饼675g,,0,1,京东包装很用心，放了慢慢的防碰撞的气泡，最大限度的防止在运输过程中完成月饼破损。其次，美心月饼包装精致，包装设计大方精细。此款包装月饼口味丰富，总有一种口味适合您。收到的是8月1批次生产，真是走亲访友的不二选择！,2020-09-17 13:43:00
何***下,美心双黄白莲蓉月饼740g,,0,0,京东品质值得信赖，送货小哥哥的态度也是超级好，月饼特别好吃！,2018-08-23 16:13:21
****j,美心双黄白莲蓉月饼740g,,0,0,中国香港美心月饼收到了。美心月饼质量非常好?，包装设计非常精致，每年都会买。美心白莲蓉月饼馅足，白莲蓉加上双蛋黄，吃到嘴里白莲蓉清香，细腻，柔软。蛋黄金黄沙沙的流油，绝配。非常好吃。是我家中秋佳节必备的佳品。欢迎朋友们赶快行动，购买美心月饼?不尝一尝是遗憾。京东快递给力，昨天晚上下单今天收到。,2020-09-09 17:09:21
s***o,美心传统七星伴明月月饼1350g,,0,0,要好好赞一赞送货小哥，我写错地址，小哥帮我送到收货地址联系我收货，我才发觉，不得已问问小哥能否帮忙送至公司，他爽快答应了，省下我不少麻烦，感谢感谢！着急送人，京东物流真的没话说，次日达是我选择京东最有说服力的理由。回到主题，月饼也很好，包装大气有点档次。,2020-09-25 08:05:41
阳***萱,美心精装八宝月饼675g,,0,0,中国香港 美心（Meixin）精装八宝 月饼礼盒 675g，中秋节快到了，一直在挑选送给妈妈的月饼，挑来挑去挑中了这款，美心月饼久负盛名，这款精装八宝是一大加七小，口味经典。直接由京东快递给妈妈，她收到非常高兴，专门拍了照片，品尝了低糖蛋黄莲蓉月饼，感觉口感非常细腻，非常好吃。妈妈满意，我就开心了?。,2020-09-18 21:22:00
****2,美心精选口味限量版月饼730g,,0,0,对美心月饼向来情有独钟，每年中秋节，都心心念念的。买的是双黄莲蓉等几种不同口味的6只装，720克，铁盒，外观高大上，月饼皮松松软软，内馅细腻加沙沙的咸蛋黄，甜而不腻，入口即化的感觉，味道令**连。京东快递很快，第二天就送到，非常称赞,2020-09-18 20:58:08
我***货,美心双黄白莲蓉月饼740g,,3,5,"皮薄油多，一口下去几乎全是馅料。
切开后，两颗饱满的咸蛋黄金黄流油，看起来诱人极了。再配上清香幼滑的白莲蓉馅、莲蓉馅，忍不住流口水！咬上一口，那香甜的莲蓉绵绵的、滑滑的，还带着丝丝清香。
里面的双蛋黄口感更是惊艳，沙酥绵密，还泛着一股淡淡的咸香。
莲子的甜香、咸蛋黄的咸香，在一甜一咸的变奏中，味蕾被它深深俘获。",2019-11-07 21:00:28
城***角,美心精装八宝月饼675g,,0,1,好吃的月饼，等不到过节就吃了一块。包装很好，外观图案精美，耐看。一分钱一分货，享受了一把。配有印刷精美的纸袋，送礼也是很不错的。但我还是觉得留着自己吃更好。京东物流依旧很快，快递小哥直接送到楼上家门口。,2020-09-18 13:07:36
汽***2,美心精装八宝月饼675g,,0,0,香港美心精装八宝月饼种草了很久，入手后很是满意。包装精美配套纸袋，很显高档大气。月饼很有奶香味，低糖且也不油腻，8个味道，满足家人的喜好。送礼也很体面过人，朋友很喜欢。物流非常快，第二天准时到达，完全物超所值。,2020-09-27 10:20:29
五***9,美心果仁五仁月饼740g,,0,0,美心月饼确实是高质量的月饼，皮薄馅多，五仁月饼果仁非常丰富饱满，经典味道。,2021-09-12 20:14:28
u***g,美心精装八宝月饼675g,,0,0,无外包装包裹保护包裹。月饼盒包装损坏严重，无手提袋。,2021-09-19 11:43:07
a***a,美心精装八宝月饼675g,,0,0,大东子，是京东的灵魂。确实牛,2021-09-19 11:38:14
盛***纹,美心传统七星伴明月月饼1350g,,0,0,此用户未填写评价内容,2021-09-19 11:37:40
盛***纹,美心传统七星伴明月月饼1350g,,0,0,500多的月饼收到居然没有包装袋，还要补发耽误我送礼的时间，糟糕的一次体验。下次都不会在京东买礼品了，不敢！,2021-09-19 11:37:22
y***n,美心精装八宝月饼675g,,0,0,袋子和月饼分开配送，时间上太不方便了。,2021-09-19 11:34:55
j***g,美心精装八宝月饼675g,,0,0,太差了，几百块的月饼，包装如此简陋，还有破损，美心太差。,2021-09-19 11:34:09
少***6,美心双黄白莲蓉月饼740g,,0,0,好,2021-09-19 11:31:26
s***班,美心精装八宝月饼675g,,0,0,拍完了但客服还是及时调了货，谢谢,2021-09-19 11:28:40
等***人,美心双黄白莲蓉月饼740g,,0,1,第一天原价，第二优惠50，第三天，直接5折不到。我们买早点就是冤大头是吧。,2021-09-19 11:27:28
c***b,美心双黄白莲蓉月饼740g,,0,0,好吃！！！,2021-09-19 11:25:12
笑***y,美心双黄白莲蓉月饼740g,,0,0,这个月饼是香港的，美心，大品牌，质量有保证，就是冲着这个来的，味道很好，很喜欢，包装也非常的精美，分量非常的足，好大的月饼。,2020-09-26 16:55:47
金***砖,美心精选口味限量版月饼730g,,0,1,月饼中港式月饼最受欢迎，港式月饼中美心和元朗月饼最有名，美心月饼更加注重时尚。尤其是双蛋黄月饼最受欢迎。每年中秋都会买很多美心月饼送老师，送亲友。大家都非常喜欢，虽然贵点，但是物有所值。吃的是一种情怀。,2020-09-11 10:11:29
奶***n,美心双黄白莲蓉月饼740g,,1,1,价格很贵，比国产的贵出好多，但是品质不错。首先卖相就好看，外观大气，没有过度包装，简约，打开包装垂涎欲滴。用料应该也很不错，打开月饼糖心都快流出来了，很香的样子，标准比国内的应该要好多了。送客户的好礼物。,2019-09-11 09:08:36
****5,美心精装八宝月饼675g,,0,0,"美心推出了很多的礼盒系列，我最喜欢的一款是美心精装八宝月饼礼盒。

?他里面是有八个不同的口味，双黄白莲蓉、松子仁白莲蓉、蛋黄白莲蓉、栗子豆沙、豆沙、五仁等馅料

里面的八种口味都是我喜欢吃的，每一种都爱不释手啊

他们的双黄白莲蓉都是外香里嫩！里面有满满的两个咸蛋黄再搭配莲蓉，嘴里的口感简直美翻~??

他们的栗子豆沙月饼也是翘楚！栗子和豆沙的碰撞，产生软糯绵绵的口感，简直太美妙~

这个经典的五仁月饼就不用多说啦！咬一口就是满满的扎实感！而且这个八种馅料的只在京东专供，还讲究的勒～??

哈哈哈 中秋月饼真的是太好吃啦！

月饼我的首选就是美心哦~没试过的可以试试！你会爱上这个味道滴???

而且在京东自营购买信心保证这?",2021-09-07 11:15:30
m***9,美心双黄莲蓉月饼740g,,0,0,"美心双黄莲蓉月饼礼盒，美年都是断货王。
红色盒子比金色盒子更喜庆，送长辈面子里子都很棒。
精选产自中国湘莲之乡的湖南湘潭莲子，白莲蓉清香幼滑，晶莹剔透，甜而不腻。上品咸蛋黄加了薄薄的冰皮，回味无穷。推荐，品质之选",2020-10-16 16:36:21
l***0,美心双黄莲蓉月饼礼盒740g,,0,2,京东自营到货速度没话说，东西质量也有保证，月饼非常好吃，口感细腻，甜度适中，蛋黄很新鲜，个人非常喜欢，陆续买了几盒都是袋子包装，到手盒子有的都挤变形了，唯独这次是用纸箱装的，完美，日期都是8月1号的。,2017-09-26 11:31:55
****z,美心精装八宝月饼675g,,0,0,关注了好几天的月饼，过节想买来送人，思来想去，还是美心的月饼好吃，亲戚是南方人，送美心不会错，月饼好吃，保质期又新鲜，送人有面子，一下买了两盒，包装也精致好看，京东物流很快，第二天就到货了,2020-09-22 08:39:14
米***呢,美心双黄白莲蓉月饼740g,,0,0,每年都会买美心月饼，这款真的是经典，块头儿也够大，双蛋黄莲蓉月饼很好吃，那么问题来了，你是南方人还是北方人？月饼切不切?,2019-10-28 14:22:19
****1,美心精装八宝月饼675g,,0,2,美心月饼确实好吃，超市买得贵了，网上便宜不少。送人比较好看，包装也比较环保，不是过度包装只图豪华，相反以质取胜，也比较实在。馅料精细，烤制出来自然也是入口即化，非常顺滑的感觉。我妈说吃了这个自然就看不上其它的品牌了。,2020-09-06 05:21:05
小***俣,美心双黄白莲蓉月饼740g,,0,0,每年都买流心和双黄莲蓉，薄皮大馅，吃了美心谁还会说不爱吃月饼呢。京东太棒了，又快有保真，主要是包装严实，月饼没有破损。太爱了！,2020-09-20 15:16:20
s***l,美心双黄白莲蓉月饼740g,,0,1,香港的美心月饼味道可口香软，甜度适中，非常可口，更主要的是价格比好利来的还便宜!?(???&thinsp;??????? ?)?每一块都是双黄的，好香啊！月饼现在太贵了，已经快要吃不起了，央视财经新闻说店家一年的利润都靠这些月饼来支撑了，真的是暴利行业呀,2020-10-14 07:02:20
****9,精选口味限量版月饼730g,,0,0,味道很好，调货也很迅速，是正品，包装完好，物流快，如果五仁的能再多一些就好了，大部分都是蛋黄的,2019-09-20 21:13:37
z***2,美心精装八宝月饼675g,,0,0,以前中秋节的时候买过香港美心月饼?，特别喜欢她的流心月饼，今年中秋给家人又选了这款月饼，没有选铁盒包装的，选的纸盒包装，看着也蛮好看的，这款有九块月饼，中间的是一个大月饼，切块里面有金黄的蛋黄流沙，软润香甜，口感细腻，甜度不是特别高的那种，很喜欢，非常满意。,2020-10-20 21:35:31
****d,美心低糖松子仁莲蓉月饼540g,,0,0,本人不是太喜欢蛋黄口味，血糖又偏高，看到这款松子的又是低糖的觉得很适合我。铁盒设计的挺雅致，看起来舒服，而且没有拿胶带粘四周，打开食用很方便。有外面的包装肯定不需要胶带了。明年继续买，美心大品牌，老板又正能量，支持！,2020-09-12 10:11:42
留***子,美心精装八宝月饼675g,,0,0,这款月饼品种比较多，还是京东自营美心的，质量很有保证，不会是假的。给爸妈买了过节吃，反馈确实好吃。活动价入手很合算，就认准京东自营美心了,2020-10-06 17:15:02
书***妈,美心低糖蛋黄白莲蓉月饼540g,,0,3,美心月饼，是吃过的月饼中最好的。月饼吃起来软糯，香甜可口，甜度适中，美味。外观大方，有形有样，着色均匀。包装设计精致优雅、高贵大气上档次。,2020-09-12 22:37:29
w***3,美心金装彩月月饼420g,,0,2,美心月饼是香港的大牌子月饼，我们去年也买了一次送朋友的，都说很好吃，今年继续选择美心这个牌子的，送礼很有面子啊，家里人也很爱吃,2020-10-06 00:09:03
****.,美心精装八宝月饼650g,,0,1,美心的口碑相当不错，一直以来都关注美心，每年都买美心送个客户，特别是今年香港的事情，让我知道美心这个品牌，不仅月饼美，做月饼的人心更美。为美心而打卡，赞一个！美心的月饼，我觉得美心月饼入口的感觉，略略带一点油感，闻起来香，入口滑，馅吃起来很有味道，莲蓉馅很足，蛋黄流黄，很是漂亮。送客户很大方体面。为美心点赞！,2019-09-25 17:03:32
小***克,美心精选口味限量版月饼730g,,0,0,这个外包装的盒子太好看了，很有特色，自用送礼都很适合。里面一共六块月饼，都是传统月饼，包括蛋黄白莲蓉，双黄莲蓉，还有豆沙和五仁的，用料考究，都很好吃，蛋黄还流油那种，非常不错。现在太多新派月饼，吃吃这种传统馅儿料的也很不错。,2021-09-06 07:36:44
五***9,美心双黄白莲蓉月饼740g,,0,0,美心双黄白莲蓉最经典的，莲蓉很纯正细腻，吃起来香而不腻，好吃?,2021-09-12 20:11:55
****P,美心双黄豆沙月饼740g,,0,0,非常好吃,2021-09-19 10:27:21
陈***姐,美心精装八宝月饼675g,,0,0,包装精美发货快，活动价格优惠,2021-09-19 10:22:42
****6,美心双黄白莲蓉月饼740g,,0,0,一直买这个牌很多年了，加油！！！,2021-09-19 10:22:12
Y***Z,美心精装八宝月饼675g,,0,0,下载,2021-09-19 10:20:24
佳***8,美心低糖蛋黄白莲蓉月饼540g,,0,0,每年必买的月饼，低糖健康，口感更好。,2021-09-19 10:17:58
4***l,美心传统七星伴明月月饼1350g,,0,0,口感细腻，味道刚刚好，也不会甜到腻；非常好吃,2021-09-19 10:17:19
溪***石,美心双黄白莲蓉月饼740g,,0,0,图片上有手提袋，到货连手提带都没有,2021-09-19 10:15:00
u***d,美心金装彩月月饼420g,,0,0,味道还行吧，有点甜，不过确实要口感要细腻一点，价格也确实要贵点。,2021-09-19 10:12:19
乡***老,美心双黄白莲蓉月饼740g,,0,0,没附手提袋，缺人性化，考虑不周全,2021-09-19 10:06:00
天***灭,美心精装八宝月饼675g,,0,0,包装精美高大上，送礼佳品。,2021-09-19 10:06:00
****0,美心双黄白莲蓉月饼740g,,1,0,香港制造的美心月饼，莲蓉和蛋黄口感非常好，每年买来送给公司大客户，自家也爱吃这款月饼。,2020-09-11 20:40:00
津***咪,美心陈皮豆沙月饼420g,,0,0,在京东自营买的美心陈皮豆沙馅月饼，精美铁盒包装，里面有六个小月饼。单纯的豆沙馅月饼会觉得过于甜腻，加了新会陈皮中和，味道好极了，一次吃两个也不会腻。,2021-08-31 22:13:39
l***y,美心双黄白莲蓉月饼740g,,0,0,收到月饼，比想象中的好看，月饼很大实惠，中秋佳节送礼首选,2019-09-05 11:14:58
尤***w,美心精选口味限量版月饼730g,,0,0,看了好久的月饼?最后还是选择老牌子美心，吃起来也非常放心的，希望不要让我失望哦，好吃会继续回购，就是价格不便宜。如果有活动就更好啦！包装铁盒很漂亮以后可以做收纳用,2020-09-16 18:28:46
1***p,美心陈皮豆沙月饼420g,,0,0,这个牌子坚持好几年了！今年统一买了四盒陈皮豆沙，给妈妈和自己家，全家都爱这个人口味的！买了十几盒给部门同事，蛋黄莲蓉和豆沙的！还有那个低糖的吃起来不好吃，不过人家血糖高也没办法！总之，口感细腻，不油很好的经典月饼！,2020-10-05 11:38:11
n***0,美心双黄白莲蓉月饼740g,,0,0,风格依旧，就是冲这个风格买来送人的，我也吃过了同商家同品种的这个月饼，很享受美好的口感和味道，软软糯糯，有着莲子香，真的喜欢，明年再见吧。,2020-10-02 11:41:00
b***d,美心精装八宝月饼650g,,0,2,京东送货快，服务好，产品质量都很不错！不用去香港排队了！客服服务态度挺好！,2018-09-11 21:05:59
画***儿,美心果仁五仁月饼740g,,0,0,每年吃一次，可算又买到美心月饼了，产地为香港，京东自营的，当天发货第二天就收货了，伍仁馅料最好吃的一款，一起买了好几盒，一盒四块，个头挺大的，馅料实足，老人孩子都爱吃，外包装也很好，没有过度包装，铁皮盒子还能装点其他东西，真的挺好,2020-09-14 08:53:00
G***l,美心双黄白莲蓉月饼740g,,0,0,非常喜欢美心月饼，真材实料，口感很细腻。之前买过流心蛋黄月饼，这次买的是最传统的双黄白莲蓉。量很大，虽然只有四个，但是每个都很大个，感觉一个月饼一次一家人分着吃会刚刚好。盒子上有防伪二维码，应该是正品无误。送货很快，好评。,2020-09-17 22:15:45
l***0,美心双黄白莲蓉月饼740g,,0,1,自营速度没的说，质量也有保证，日期是8月1号的，个人非常喜欢这个味道，口感纯正，非常满意，还会回购！,2017-09-20 17:21:49
y***8,美心精选口味限量版月饼730g,,0,0,送礼首选,2021-09-19 09:39:06
y***8,美心精选口味限量版月饼730g,,0,0,很上档次,2021-09-19 09:38:54
z***m,美心金装彩月月饼420g,,0,0,很好的月饼，价格也很美丽,2021-09-19 09:38:42
y***8,美心精选口味限量版月饼730g,,0,0,不错哦，外包装大气,2021-09-19 09:38:35
w***7,美心精装八宝月饼675g,,0,0,没有想象中好，也没有盒的密封包装,2021-09-19 09:38:12
y***8,美心精选口味限量版月饼730g,,0,0,送礼合适,2021-09-19 09:38:09
y***8,美心精选口味限量版月饼730g,,0,0,大气上档次,2021-09-19 09:37:52
y***8,美心精选口味限量版月饼730g,,0,0,首选的中秋礼物,2021-09-19 09:37:38
y***8,美心精选口味限量版月饼730g,,0,0,连续四年购买了,2021-09-19 09:37:18
y***8,美心精选口味限量版月饼730g,,0,0,送客户很好,2021-09-19 09:36:56
东***刘,美心陈皮豆沙月饼420g,,0,0,"外皮陈皮的味道把握的很好
豆沙馅也是不甜不腻刚刚好
价格使我感觉得到尊贵气质
吃完我就寂寞空虚怀疑人生",2020-11-03 18:47:35
w***3,美心双黄莲蓉月饼740g,,0,0,超级好吃的月饼，美心月饼，香港制造爱国月饼，一定要支持一下，价格略贵，但是爱国月饼，大家一起支持，味道真的很不错，吃完了，还会回购送礼，真的很难得出手，朋友吃了还拍照发朋友圈,2021-08-22 22:37:30
s***2,美心双黄豆沙月饼740g,,0,0,买个香港的美心月饼made in hong kong。对美心的品质质量和口感都非常的放心，美辛是爱国的月饼，非常棒的月饼，好吃的月饼，我和身边的朋友都喜欢买美心的月饼，买了一次又一次推荐给大家，都来买好好吃的月饼。,2020-10-08 13:14:00
隔***叔,美心精选口味限量版月饼730g,,0,0,不错，发货速度超快，包装也完美，自用送人都非常不错，好评，还会继续回购！！,2021-09-13 11:17:46
u***d,美心果仁五仁月饼740g,,0,0,"1、传统花色的铁盒包装，一盒四块。家里有老人喜欢五仁口味，年年必买款。不用犹豫选别家。品质始终如一。
2、五仁月饼最挑馅料的新鲜度。一旦某种不够新鲜绝对影响口感。美心家的产品质量绝对可靠。馅料饱满度也是做到极致。热量随高，切开分享还是可以满足下味蕾的需求。
（不是苏式的那种层层软糯，也不是京味五仁那种青红加杂的复杂，最纯粹的松子、杏仁、芝麻的清香）",2020-09-26 18:33:30
****1,美心精装八宝月饼675g,,1,0,中秋节就快到了，过节需要吃月饼。美心月饼质量很好，馅料非常细腻，所有品种吃了都喜欢。已经买了很多次，各种包装不一样，都很好看，送人也比较拿得出手。,2020-09-13 17:41:31
赜***垚,美心精选口味限量版月饼730g,,0,0,京东商城物流速度真的是快，快递包装也很完美。打开快递包装，里面商品没有一点破损的，快递师傅确实很用心。商品包装是铁盒的，看上去很高大上。有一种港式经典的回味。月饼的口味有好几种，有一款蛋黄味的，是我最喜欢吃的。,2020-10-25 10:56:28
野***夫,美心双黄莲蓉月饼740g,,0,0,"太漂亮了吧，拿到货以后就被惊艳到了，太漂亮了，非常高大上，铁盒吃完月饼后还可以利用一下装别的东西，性价比也非常高，月饼也非常好，非常好吃，这是买来自己吃的，全家人都说好吃都喜欢吃，甜甜的也不腻，以后会继续回购！
在京东买东西非常放心，物流快，质量好",2020-10-06 09:43:37
天***花,美心果仁五仁月饼740g,,1,0,"美心月饼?很有名，爱吃五仁的，特地买了一盒尝尝。
铁盒子的包装精美、完好无损，??点甜，配料足口感饱满，只是甜味掩盖了?本身的口味。考虑?自己的身体状况，还是浅尝即可。
物流快。",2020-09-13 11:54:45
w***6,美心低糖蛋黄月饼540g,,0,0,月饼特别好吃，特别是这个口味的，蛋黄白莲蓉，很软很想，还是低糖的，不会太甜，适合老人家,2019-09-03 23:01:27
h***8,美心双黄白莲蓉月饼740g,,0,2,双黄白莲蓉月饼，是广式月饼的经典品种，莲蓉细而不腻，蛋黄酥而留香。香港美心月饼，在香港制作，用料方面就不用说了，工艺也是非常的考究，因此，价格也比广东省内制作的月饼高很多，但只要吃过，你就会觉得，的确不一样。,2020-09-01 09:15:06
南***石,美心双黄白莲蓉月饼740g,,0,0,美心月饼真的不错，以前吃过的，用料很足，口感细腻，甜度适中，很适合我们的味口，加上包装不错，感觉送人也不错，所以在京东上赶紧订了些。,2020-09-29 18:49:11
N***g,美心双黄白莲蓉月饼740g,,10,11,真的双蛋黄，蓉心也很好吃，一大个吃掉都不腻，蛋黄还有油，真的很不错，可惜价格太贵，用过券以后还25一个。,2017-09-12 09:20:08
f***t,美心双黄白莲蓉月饼740g,,0,0,"双黄莲蓉月饼，是美心最为畅销的月饼之一，历史悠久，每年必买！皮薄油多，一口下去几乎全是馅料。

切开后，两颗饱满的咸蛋黄金黄流油，看起来诱人极了。再配上清香幼滑的白莲蓉馅、莲蓉馅，忍不住流口水！",2021-09-09 14:26:55
f***1,美心精装八宝月饼675g,,0,0,快递很快第二天上午就收到，有包装袋，送人很方便，尝了三个口味的，味道都不错，老品牌还是放心，推荐购买,2020-09-17 13:20:53
****l,,,0,0,已经买了好几次，昨天傍晚的定单今天中午11点多就到手了，这效率不赞都对不住满街跑的快递哥。东西绝对赞，品质、口杯、口味都一流。,2019-09-03 11:44:16
****4,美心低糖蛋黄白莲蓉月饼540g,,0,0,低糖的好吃，软糯香甜。老人家特爱吃。我们家一直都喜欢吃白莲蛋黄月饼，所以对蛋黄要求很高。有的厂家月饼里的蛋黄硬，而美心是沙沙的带点糯。,2021-09-11 06:58:43
紫***林,美心双黄白莲蓉月饼740g,,1,3,可以说美极了，看到盒子就已经感觉到了美！很早就是美心的粉丝，小时候吃了一口，就能分辨出好坏，并且印象非常深刻。所以大了自己也买美心的，它这个包装盒都有年份的，不像某厂家被曝出用陈年月饼做新月饼，这个可是实打实的在包装盒上写着年份了呢。而且美心非常低调，非常环保。但是东西品质一尝就能尝出来，是有心意的，用料很细腻很讲究的。总之从包装盒到内里，没有一点不喜欢的，360&deg;无死角，棒～优秀～,2019-08-28 17:09:06
休***儿,白莲蓉740g,,0,0,孝敬老人的，应该还不错,2014-10-05 21:35:21
****2,美心双黄白莲蓉月饼740g,,0,0,香港美心莲蓉双蛋黄月饼?它真的是我的最爱，连续自己买了几年了，同时也每年给爸妈在网上快递一盒。真的，吃一回，觉得别的同款月饼很难跟它比，有它才觉得是中秋节,2020-09-15 23:26:05
l***e,美心精装八宝月饼675g,,0,0,临近中秋，总要买些月饼送人或是留着自己吃！听朋友的推荐，选了美心月饼，价格确实不低！但味道也确实不同凡响，馅料非常细腻，制作很精致！明年应该还会再买，希望到时候能赶上优惠价格！,2020-10-30 21:40:15
****c,美心双黄白莲蓉月饼740g,,0,0,京东自营，双黄莲蓉美心月饼，包装美，口味美，名气美，只要品尝过，无不真心赞美，名符其实之：美心！美心！?美心莲蓉，细腻，爽口，清香，滑润；?美心双黄，微咸可口，油润纯香。赞美美心，购买美心，物有所值！,2021-08-24 17:22:22
h***y,美心双黄白莲蓉月饼740g,,8,9,每年中秋节的保留节目就是买一盒香港产的美心月饼，今年也不能例外。在预购的时候果断下单了，现在看起来是正确的，因为现在涨价了，哈哈哈。送货很快，从广东到北京就两天，包装也很严实，运到的时候盒子完好无损，完全没有磕碰。还附送了一个纸袋子，尽管是自己吃，但是这一举动也很贴心,2019-08-05 18:18:39
t***y,美心精装八宝月饼675g,,0,0,中秋节又来临了，作为广东人走亲访友送月饼还是要选香港牌子的美心。外观非常气派，有礼品袋，拿出去有档次，送人应该非常有面子。,2020-09-18 23:09:53
C***森,美心精装八宝月饼675g,,0,0,关注了很久，买来送人的，一直很信赖这个品牌，其实味道具体怎么样不知道，反正就是档次在这里，送礼嘛，讲究的就是档次，一直信赖这个。,2020-11-05 15:44:14
z***m,美心传统七星伴明月月饼1350g,,0,0,东西非常不错。首先是看着比较大气，送礼也比较合适，一看就是有档次的东西；另外，吃起来味道确实不错，对得起这个价格；京东送货比较快的，还是值得购买的。,2021-09-14 17:20:49
****4,美心低糖蛋黄白莲蓉月饼540g,,0,0,这次是买来送老人的，老太太虽然没牙，美心月饼软软的糯糯的，蛋黄沙沙的，老人家说太好吃了。过去每年中秋都托朋友从香港带，今年京东直接送到家，太方便了。,2021-09-11 07:19:25
u***3,美心双黄白莲蓉月饼740g,,0,0,莲蓉细腻，口感不错，味道也极佳，依然是过去吃的。美心月饼。现在因为月饼太甜了，不像过去吃的那么多，但是连龙饭馆还是首选美心月饼，美心月饼现在，每年都在涨价，希望未来在产品保质保证质量的前提下，能够不要价格涨的那么快，坐垫不易，五星好评。推荐大家购买，推荐大家购买。,2019-09-14 23:27:10
b***l,美心双黄白莲蓉月饼740g,,4,2,香港美心的双黄白莲蓉月饼，公认最好吃的蛋黄莲蓉月饼，选料精，所以口味好。价格确实不便宜。,2019-08-29 12:15:42
****a,美心精选口味限量版月饼730g,,0,0,到货就迫不及待打开了，果真没有让我失望，质量特别好，颜值也相当高，满意的一次购物。在京东自营上选了这个香港的美心月饼。特别的满意。中秋节就要到啦！买来送给朋友的。品牌。特别的有名气。外包装也很有档次。买来以后特别的满意。,2020-09-23 15:40:07
刘***6,美心双黄白莲蓉月饼740g,,0,0,节前买来的送给客户，一直忘记了评价，美心一直都是很出名的老牌子，质量什么的都有保障，包装很精美，口感很好，很推荐的一款月饼，当然月饼?很容易长胖，但是一年吃一次也没关系了哈哈哈哈，明年还是会继续买这个牌子的月饼,2020-10-10 09:11:45
大***你,美心双黄白莲蓉月饼740g,,0,2,美心月饼，这款是双黄莲蓉，和流心比起来厚实一些，一大块着着实实两个沙沙的蛋黄，蛋黄湿润渗油，好吃，送来每一块都是完整的，很赞,2016-09-10 20:27:30
M***V,美心双黄莲蓉月饼礼盒740g,,1,1,这款中国香港 美心（Meixin）双黄莲蓉 港式中秋月饼礼盒 非常好，味道鲜美，皮薄松软，莲蓉晶莹，入口甘香软滑，回味无穷，全新的外包装设计非常漂亮，图案题材也很好看，让传统美味变得更有心意，看着高端大气，送人非常合适，自己吃也是很不错的选择，美心月饼给人的第一感觉就是吃一次就能让**连忘返，真不愧是美心出品，所出不凡，美心品质值得信赖，推荐购买。,2019-09-06 20:48:12
结***东,美心双黄白莲蓉月饼740g,,0,0,终于买的正宗香港进口的美心双黄白莲蓉月饼了！生产日期是2020年8月1日，包装很有质感，特地买给老人家享用的，希望他们能喜欢！,2020-09-13 20:16:01
s***9,美心精装八宝月饼675g,,0,0,月饼不错，老公买给家里人，老公也是很有心了，挑了这么贵一款月饼，家里人吃新鲜吧，总体还是很不错的。今年也没怎么吃月饼，这个还是可以的。,2020-11-09 22:00:03
r***n,美心双黄白莲蓉月饼740g,,0,0,香港味道，每年都买，蛋黄切开也是很油的，白莲蓉很香很滑。好味道,2020-09-06 08:58:14
f***0,美心双黄白莲蓉月饼740g,,0,0,大名鼎鼎的香港美心月饼，中秋节送人有面子。双黄白莲蓉是很经典的广式月饼口味，细腻甜蜜的白莲蓉包裹着满满两个咸蛋黄，喜欢吃甜食的我真是欲罢不能。,2020-10-08 00:38:26
1***p,美心双黄白莲蓉月饼740g,,0,0,口味纯正，很多其他的吃完都觉得太甜，但是这款不会，甜味刚好，而且莲蓉很香，就是很正,2021-09-05 21:31:14
T***圆,美心双黄豆沙月饼740g,,0,0,趁着活动买的，物流发货都挺满意的，没什么问题。之前没吃过美心的月饼，看到京东在做促销就买来看看，还好买得早9月10号就卖断货了，爱国月饼销量杠杠的。这盒月饼是豆沙双黄蛋的，打开的时候月饼皮上有点油，以为吃起来会油腻，吃了一口还是很爽口的，甜而不腻，没有粘牙，用料很正宗，大品牌品质还是有保证的。下次还会购买，虽然价格小贵。,2019-09-18 22:03:30
k***e,美心低糖松子仁月饼540g,,1,2,日期也是8月1日生产，盒子并不大，铁质的盒子很精美，，月饼看起来也很精美，没有吃，吃过再来评价！最重要的是口感！,2017-09-17 12:25:48
道***纬,美心精装八宝月饼675g,,0,0,美心月饼，香港大品牌，值得信赖。之前一直没吃过美心月饼，后来有机会尝了一下美心的流黄月饼，真的非常好吃。而且保质期短，说明没有太多添加。,2020-11-05 12:08:57
蓝***6,美心双黄白莲蓉月饼740g,,0,0,评价晚了，中秋节前两天买的美心月饼，京东物流非常好，节前货量大，但快递小哥送货还和往常一样及时送到家里。让一家人能在中秋节当天品尝，每块月饼都是双黄的，莲蓉吃起来甜而不腻而且口感很细腻，老人小孩都很喜欢。,2020-10-13 20:12:29
b***r,美心双黄白莲蓉月饼740g,,0,1,美心月饼特别好吃，喜欢有蛋黄的月饼，莲蓉细腻香甜，家人都喜欢,2018-09-24 23:24:50
灰***吗,美心金装彩月月饼420g,,0,0,"快递：送货速度很快，送的很及时
包装：铁盒装，铁盒不太大，盒子很精美，准备留下装东西用了
口味：皮很薄是我喜欢的那种，皮薄陷儿多，吃起来很满足。一共有6个月饼，一家人中秋吃刚好够了。",2020-10-12 21:27:55
s***9,美心双黄白莲蓉月饼740g,,0,0,好好吃，孩子特别喜欢吃蛋黄的，个人喜欢吃莲蓉，软，糯，甜，入口即化，除了贵没毛病，二个人吃不完，在喜欢吃都会有点腻，馅料都很足。,2021-09-14 21:24:51
W***g,美心双黄白莲蓉月饼740g,,0,0,久闻美心月饼的大名。这次买来尝一尝，主要是送给朋友，朋友非常喜欢。月饼很上档次，京东自营的速度以及品质都值得赞叹。之前没美心集团遭受了不白之冤，这次，支持美心就买上两盒，送的速度很快第二天就送到了。很不错，味道也非常好，以后还会再买的。,2020-09-03 18:50:24
****兮,美心精选口味限量版月饼730g,,0,0,非常好，包装好看，大气，特别适合送礼。准备再多买点，里面打开看着也很好吃的样子，很棒很棒，京东的东西非常方便实惠，省了很多选挑选的时间，必须五星好评。,2021-09-10 19:20:50
z***5,美心传统七星伴明月月饼1350g,,0,0,"来来来，感受下500+的月饼，非常不错，口感及佳，每个月饼用料都是很舍得，工艺考究。
太好了非常不错，京东送货速度快，服务好。",2021-08-23 21:09:19
u***h,美心双黄白莲蓉月饼740g,,0,0,首先包装盒看起来很漂亮，还送了外包装袋很不错！里面规格是4枚包装，吃起来口感很好，甜而不腻，里面蛋黄非常好吃，总共买了3盒不同规格，另外2盒送人，这个给小孩吃。小孩非常喜欢这个牌子的月饼，大品牌就是不一样！快递快！,2020-10-06 23:03:03
z***妮,美心双黄白莲蓉月饼740g,,0,0,买了好几次美心的流心奶黄月饼。这次又买了这种尝尝，果然美心的东西都很好吃，一下子就爱上了。双蛋黄莲蓉量实足，月饼皮很薄，一般品牌的月饼都比不上美心的薄。月饼做的很精致，不但外观好看，味道也超级好吃！唯一的缺点就是有点小贵！,2019-09-05 02:59:55
****z,美心传统七星伴明月月饼1350g,,0,0,东西不错，美心月饼，口感细腻，甜度适中，已是多次购买。物流超快，包装精美，必须点赞。,2021-09-19 07:50:03
****z,美心双黄白莲蓉月饼740g,,0,0,东西不错，美心月饼，口感细腻，甜度适中，已是多次购买。物流超快，包装精美，必须点赞。,2021-09-19 07:49:53
****z,美心传统七星伴明月月饼1350g,,0,0,东西不错，美心月饼，口感细腻，已是多次购买。物流也超快，包装精美，必须点赞。,2021-09-19 07:47:33
****z,美心传统七星伴明月月饼1350g,,0,0,东西不错，物流超快，必须点赞,2021-09-19 07:45:40
****z,美心双黄白莲蓉月饼740g,,0,0,东西不错，物流超快，必须点赞,2021-09-19 07:45:27
****z,美心双黄白莲蓉月饼740g,,0,0,东西不错，物流超快，必须点赞,2021-09-19 07:45:19
****z,美心双黄白莲蓉月饼740g,,0,0,东西不错，物流超快，必须点赞,2021-09-19 07:45:09
****z,美心双黄白莲蓉月饼740g,,0,0,东西不错，物流超快，必须点赞,2021-09-19 07:45:00
****z,美心传统七星伴明月月饼1350g,,0,0,东西不错，物流超快，必须点赞,2021-09-19 07:44:49
逐***哥,美心双黄白莲蓉月饼740g,,0,0,字研所发哥买给岳父的礼物。月饼非常华丽好吃。,2021-09-19 07:36:12
w***u,美心低糖松子仁莲蓉月饼540g,,0,0,价格实惠，寄送很快，送礼佳品,2021-09-19 07:34:10
c***6,美心精选口味限量版月饼730g,,0,0,买了送人很好，大品牌拿的出手，口味多总有一款适合的。看着像是铁盒包装，运输中不怕碰撞挤压了。?,2021-09-19 07:29:39
c***6,美心双黄白莲蓉月饼740g,,0,0,美心大品牌值得信赖，买来送人的。双黄白莲蓉口味比较经典。,2021-09-19 07:21:44
w***u,美心金装彩月月饼420g,,0,0,包装很好，物流也非常快，自己吃或者送人都很合适,2021-09-19 07:20:38
****a,美心精选口味限量版月饼730g,,0,0,给单位买的衣服效果不错,2021-09-19 07:19:03
w***9,美心金装彩月月饼420g,,0,0,每逢佳节倍思亲 遍插茱萸,2021-09-19 07:16:07
阿***竾,美心传统七星伴明月月饼1350g,,0,0,不错?，方便快捷，推荐,2021-09-19 07:15:29
u***l,美心精选口味限量版月饼730g,,0,0,唯一不足的是没袋子！,2021-09-19 07:13:39
****n,美心双黄白莲蓉月饼740g,,0,0,好吃！,2021-09-19 06:49:58
l***6,美心精装八宝月饼675g,,0,0,每年都买他家月饼，赞一个。,2021-09-19 06:03:14
公***娜,美心精选口味限量版月饼730g,,0,0,已经连续好几年在京东上购买香港美心月饼送客户了，和市面上的各类月饼相比较，美心无论是包装、品质、品牌、味道都很赞也很拿得出手，就是价格小贵。这次又买了十几盒各种口味的，希望客户们喜欢！明年还是会继续回购的！！,2020-09-03 21:01:44
雪***2,美心陈皮豆沙月饼420g,,0,0,月饼五仁和豆沙各来了两盒，味道都很赞，明年继续，包装精致；口感细腻，甜口合适，老人蛮喜欢的，但不能多吃哦,2020-09-25 07:11:12
u***m,美心精装八宝月饼650g,,0,0,吃美心月饼多年了，每年中秋节给家人和朋友送礼都买美心的，除了拳头产品奶黄月饼之外，其他的口味也很惊艳，这款礼盒套装非常实惠，八种口味搭配，内馅软糯可口，甜度适中，老人孩子都赞不绝口，送礼也很高大上，总之强烈推荐！,2019-10-26 15:29:28
卢***-,美心精装八宝月饼675g,,0,0,京东送货就是快 哈哈哈哈 月饼买来送礼的 妥妥的非常好 美心月饼很好吃 其他的月饼我基本不吃 这个牌子的我能吃一块 哈哈哈哈哈 有需要的可以下手了不用犹豫了 正好中秋送礼 好看也好吃? 好友活动 加油啊,2020-09-20 12:46:04
****u,美心双黄白莲蓉月饼740g,,0,0,送货很及时，包装也很精致，最关键的是味道特别适合我，真的很好吃，很香！,2021-09-11 14:33:23
红***阳,美心双黄白莲蓉月饼740g,,0,0,京东商城质量有保障，售后很到位，所以每年月饼都在这里买，美心月饼味道不错。,2019-09-14 02:28:30
b***o,美心果仁五仁月饼740g,,0,0,美心月饼，老牌名品，味道没得说，特别是传统五仁，真是大爱！每年中秋都要买，只是今年不用去店里抢了，网上下个单，第二天就到了。太方便了！包装也好，还送一个礼品袋，很贴心哦！,2021-09-03 12:03:20
****7,美心精装八宝月饼650g,,0,0,京东物流很快，之前送来的，包装上有一些问题，客服立马就给联系重新更换了，服务很好，味道不愧是美心，感觉很可口，又不是太甜。习惯很多味道，在中秋月圆之夜，与家里人平分享用，感觉很幸福。而且美心是良心，香港企业，应该多多支持。,2019-09-26 13:40:17
j***啊,美心精装八宝月饼650g,,11,6,赶上特价秒杀一次订了十二盒  送礼很有面子 关键是很好吃  一直都喜欢美心月饼  每年都买,2017-09-24 17:44:10
k***e,美心低糖蛋黄月饼540g,,0,0,8月1日生产，铁质的盒子很精美！不知道口感怎样？买真么贵的最重要口感，品尝完再来评价！,2017-09-17 12:28:10
J***u,美心精装八宝月饼675g,,0,1,快中秋节了，赶紧买美心的月饼送亲戚，今年入手金装八宝的，8个不同口味，赞，可以品尝到不同的风味，整体口味都很棒，口感醇厚又细腻。,2021-08-23 09:16:48
m***g,美心双黄白莲蓉月饼740g,,0,0,中秋节前几天才想起有几个重要客户月饼还没送。美心月饼早就有所听闻，结合美心月饼在前段时间的爱国举动，果断决定送它了。当天下单，隔了一天就送到了客户手里，自己也买了一盒尝尝；外包装很有档次，用料扎实，客户反应味道很好，入口即化，甜而不腻。请大家一定要支持美心这样的爱国爱港的良心企业！！！,2019-10-18 22:17:59
****q,美心金装彩月月饼420g,,0,0,又是一年的仲秋节，香港的美心月饼除了多款传统月饼，年年自己吃和送礼，美心月饼?基本每年都有新品出炉。口味也各有特点，其中美心的双黄白莲蓉月饼是我们全家的最爱，太好吃了??,2020-11-01 02:11:37
灰***卞,美心精选口味限量版月饼730g,,0,0,"美心月饼，香港制造，材料好。味道也很棒。包装四个铁盒子非常好看，月饼吃完还可以装装小东西。
京东速度非常棒，服务出色，给好评。",2021-09-12 11:24:54
****2,美心精选口味限量版月饼730g,,0,0,美心的月饼就是好。这次买来送给朋友的。京东自营的物流发货相当的快。包装也很仔细。有6种口味。看着月饼盒就很高大上。哈哈。送了拎袋。也是相当的结实。相比上海的杏花楼月饼，香港的美心月饼更好更美味。也更推荐给大家。,2020-10-03 16:04:41
黄***士,美心双黄白莲蓉月饼740g,,0,3,包装简单精美好漂亮质感不错，里面四个月饼，味道十分特别，盒子上花美好，饼口感很好,2017-10-15 18:14:12
x***2,美心双黄莲蓉月饼礼盒740g,,1,0,这个里面的，蛋黄特别好吃，正太很甜，太好吃了。,2017-08-29 17:32:58
x***歌,美心双黄豆沙月饼740g,,0,0,购买多次，口味非常不错，盒子有些被压瘪，月饼道没事，快递很速度,2019-08-10 16:37:20
吉***瑟,美心低糖松子仁莲蓉月饼540g,,0,0,终于拿到手了，满满的是惊喜，不同于其他月饼，真的很好吃，很独特，喜欢的朋友可以再次下手！每逢中秋节，都要买几盒美心的月饼，不管是传统月饼，还是流心月饼，都是家人的最爱！可以送亲戚朋友，送领导，都是上佳之选！,2020-09-22 11:39:03
****u,美心双黄白莲蓉月饼740g,,0,0,很棒，提前买来试吃，觉得味道很不错，很好吃，而且价格也很实惠，真的是太好了！,2021-08-12 18:32:23
****r,美心低糖蛋黄白莲蓉月饼540g,,0,0,非常好唔使15個鐘就收到，很好吃不過有點貴喺中國買，冇辦法回不到香港,2020-09-18 18:14:24
D***y,美心双黄白莲蓉月饼740g,,0,0,美心的月饼是每年都要买的呀！超级好吃！虽然价格贵一点但是也很物有所值了 蛋黄超级大超级香 就是热量太高啦！家人一起分着吃吧不然太罪恶了?,2020-11-17 00:02:13
H***k,美心双黄白莲蓉月饼740g,,0,0,美心真的好吃。上次买了两盒。中秋送礼不够又买了。包装精美。小时候吃过一次美心，和小时候味道一样。直接寄回老家，物流也很快。,2020-09-25 10:58:38
嗯***0,美心双黄白莲蓉月饼740g,,0,0,美心月饼真的好贵，个头很小但是确实是真的好吃，买了送家人和自己吃，一个40块的月饼货真价值！一份价格一分货，家人都很喜欢，我自己也很喜欢,2020-10-21 10:51:18
k***o,美心双黄白莲蓉月饼740g,,0,1,现在很少看到这么大块的月饼了，皮薄馅大，柔软入口即化。对的住老招牌,2016-09-03 17:32:31
3***m,精选口味限量版月饼730g,,4,4,好吃不腻，送货也很快，依然爱果仁的。我买的239~准备再买发现价格涨了,2017-09-09 21:25:50
大***y,美心双黄白莲蓉月饼740g,,0,0,物流很快，包装很简单，奢侈了一次，300多买的，希望是以前吃过的那个味道，以前吃过一次这个牌子的月饼，当时觉得特别好吃，这次难得大方的买了。,2021-09-11 20:10:46
d***n,美心双黄白莲蓉月饼740g,,0,0,美心是非常好吃的一个月饼牌子，感觉有糕点蛋糕的味道，比传统的月饼味道可以接受。,2020-09-17 07:09:25
i***g,美心双黄白莲蓉月饼740g,,0,0,一开箱子，映入眼帘的是一个小铁盒子，看着非常舒服，高贵典雅又不失奢华，美心月饼香港制造让人感觉多了一份信任和期待，在铁盒得侧面有一个防伪以及背面胶贴的介绍更给了消费者信心，打开铁盒拿起月饼，每个都是足足的大份量，细腻白莲蓉加上咸香流油蛋黄，无比香润，只有自己吃到才能体会，对比市面上的真心划算。,2019-09-11 22:38:12
吃***懂,美心精装八宝月饼650g,,0,0,"非常满意的一次购物体验！
香港大牌美心月饼，果然是大品牌！
买的时候还担心这么贵的月饼会不会徒有虚名，没想到真的很好吃！
京东物流配送神速，到货很快，包装完好，很满意！
口味真心棒，第一次吃这么好吃的蛋黄月饼，以后一定多买点。",2019-10-29 20:59:13
p***d,美心双黄白莲蓉月饼740g,,2,4,不错，特意吃过再来评论的，皮薄馅糯，不干也不是非常的油腻，甜度还能接受，非常满意，一盒就四个，价格不便宜，但是相比实体店买的还是划算多了,2016-09-01 10:35:32
****b,美心精装八宝月饼675g,,0,0,月饼很好，有着花生油香和蛋香的融合，莲蓉口感绵密，配料也算很好，毕竟是品牌，算是月饼中的佼佼者了。日期是八月一号的。,2020-09-07 18:45:14
c***俊,白莲蓉740g,,0,0,还行啊，包装格调一般般。,2014-11-05 14:34:45
****1,美心双黄白莲蓉月饼740g,,0,0,美心月饼特别适合中秋送礼，品质比较好，而且包装也比较耐看，不是那种味道不怎么样又包装过度拉低品味的月饼。自从买过之后，十几年来就成为传统了，送爸妈，他们喜欢这个牌子。买着自己吃，小孩子也非常喜欢，中秋节就快到了，还需要再买几盒送人。,2020-09-02 06:59:49
石***水,精选口味限量版月饼730g,,0,0,美心算是广式月饼中的典范了，做工，口味都相当不错，京东自营也比较放心，包装都完好无损，满意！,2016-09-10 17:58:28
老***9,美心双黄白莲蓉月饼740g,,0,0,美心月饼品牌感觉比较响亮，外观漂亮，这款现在在做活动，价格也有优惠，每年都会买一部分赠送亲朋好友，大家都说好吃。快递小哥也非常快，值得推介！,2021-09-12 12:27:58
****莎,美心精选口味限量版月饼730g,,0,0,最喜欢美心的流心奶黄月饼，可是，下单的时候显示无货.就入手了这款6个味道的月饼，看介绍很不错，有五仁月饼、有流心奶黄等等，非常值得购买.关键美心的老板很爱国，必须支持！,2021-09-11 16:57:00
****c,美心双黄白莲蓉月饼740g,,0,0,超级好吃，最喜欢的就是美心月饼，还是以前的味道，很甜，莲蓉软软的，蛋黄味道很正，包装也非常好看。不论是送礼还是自己吃都是非常好的选择，非常享受美心月饼带来的快乐。快到中秋节了，还要再次购买，非常满意。吃了这么多的月饼最喜欢的还是美心月饼，最最最喜欢的是美心双蛋黄莲蓉月饼。还送了精美的礼品袋哦。,2020-08-30 11:05:46
r***3,美心精装八宝月饼650g,,0,1,美心月饼，爱国的月饼，味道非常的好，也非常的推荐里头一共是8块，非常的好吃，嗯，算是比较性价比比较高的一款月饼了，在美心的月饼一桶，我觉得美心的月饼吃起来都感觉不错很松软，很好吃。之前呢，一直买这种刘忻的月饼，这回吃了不同味道的月饼，感觉也非常的不错，而且呢，现在也支持有新月饼****。爱国的月饼大家都要买的。,2019-09-14 09:53:45
z***e,精选口味限量版月饼730g,,0,0,商品包装完好，快递很快，物流速度快，快递小哥态度好，美心月饼大品牌值得信任，可放心购买，铁盒子很有纪念意义，限量版，值得收藏，价格优惠更好了,2019-09-25 20:46:49
小***杰,美心双黄白莲蓉月饼740g,,0,0,每年都会买美心月饼，大品牌值得信赖！而且味道也好啊！物流速度很快，第二天就送到了。打开立马吃了一个，还不赖啊！另外给客户送了一个！！,2020-09-28 16:04:09
b***r,美心双黄豆沙月饼740g,,0,0,美心月饼很好吃，家里人喜欢吃豆沙的，两个蛋黄特别棒，京东物流特别快，服务态度一流,2019-08-31 19:50:00
u***4,美心双黄白莲蓉月饼740g,,0,0,有优惠，再加上京豆抵扣，就超级划算了，吃过这月饼后，其它饼都感觉不好吃了。,2020-09-03 11:20:17
****t,美心陈皮豆沙月饼420g,,0,0,先为京东快递点赞！再来夸夸美心陈皮豆沙月饼，不油腻爽口，口感非常棒，又下了两单！强烈推荐?,2021-09-08 20:18:41
z***p,美心双黄白莲蓉月饼740g,,0,0,每年中秋送礼都会在京东上买美心，已经成了一种习惯，朋友很喜欢吃这个月饼，一盒4个，这个月饼口感细腻，蛋黄吃上去也是油油的香香的，饼身也有一种滋润度，一口咬上去软糯稍甜，又不是很甜，适合现在低甜的口感，明年继续,2020-10-04 20:08:04
s***z,美心双黄白莲蓉月饼740g,,0,3,价格合理，送货超快，请忽略我的刀法。香港有严格的环保法令，所以香港出品的月饼是不会有刀叉的，包装也都会很简单。,2016-09-07 12:42:10
零***域,精选口味限量版月饼730g,,0,0,太好了太好了，虽然没有在中秋节当天到，但也很好了。美心月饼真的好吃，吃货然后给我家仙女买了一盒，她不喜欢吃月饼的也觉得好吃～美心很赞～盒子是据说限量版，而且还有彩蛋～,2019-09-19 13:34:45
l***a,美心双黄豆沙月饼740g,,0,0,美心的豆沙月饼非常好吃，双黄豆沙很软，蛋黄非常的智好，很好吃，但是价格也不便宜哦，花着每个月饼差不多是人民币80块钱左右，一个人吃一块月饼还是有一点点吃力的，20的话，整体来说，美心的月饼秉承着一种高质量，高品质，也是高消费哦,2019-08-22 23:44:14
空***V,美心精装八宝月饼675g,,0,0,"美心一大礼盒? 和曲奇一起送的  礼盒很大气  包装很不错  送长辈很好 很大气 也体面
 相信美心的品质 本来还想买点糕点 但是没有礼盒装了 所以买了蓝罐  不错  中秋过完 很好",2020-10-13 08:18:41
****M,美心精装八宝月饼675g,,0,0,给女儿寄去了，说不错。女儿小时候在众多月饼中就特别喜欢吃美心的月饼，现在长大了，希望美心月饼一如既往的好，让女儿吃到小时候的味道。,2021-09-11 22:43:34
x***d,美心双黄莲蓉月饼740g,,0,0,评价晚了，这是中秋时送给客户的礼品。美心还是属于中高档月饼，包装华贵、富丽，蛋黄月饼味道独特，是中秋时节馈赠亲友、客户的最佳礼品。每年的中秋都会选一款，之前买的榴莲月饼，反馈也很不错！,2020-11-08 20:16:34
b***g,美心金装彩月月饼420g,,0,0,一如既往的好吃，一个盒子里有好几种馅，性价比还可以吧。包装很精美，我很喜欢。京东快递很迅速，晚上下单第二天早上就送到了。而且还赠送了购物袋,2020-09-23 23:33:11
t***a,美心传统七星伴明月月饼1350g,,0,0,美心月饼是香港著名的品牌，几乎每年的中秋节都会买来和家人们一起品尝。做工精细，用料充足。外皮很是酥软，蛋黄和莲蓉的味道正宗。推荐给大家品质高的食品。,2021-08-19 11:05:58
s***2,美心双黄白莲蓉月饼740g,,0,0,美心的月饼是香港产的，不是内地产的，价格比较合适，搞活动的时候买相当的划算。我们送朋友的时候经常买美心的月饼，美心的月饼，入口比较口感好。很多次来买了每一次都有惊喜产生。非常棒，希望美心是爱国月饼越做越好。,2020-10-08 13:09:01
l***w,美心双黄白莲蓉月饼740g,,0,0,蛋黄莲蓉的月饼只喜欢美心的，莲蓉的味道最正，有的月饼会觉着干美心的完全不会，蛋黄也不干，很香但也很甜。,2019-10-20 21:26:55
z***w,美心精装八宝月饼650g,,0,0,"今天有到了一盒月饼，之前买了一盒送人，感觉不错，看着高端大气上档次，低调奢华有内涵，哈哈哈哈
包装比较好，没有任何破损，包装袋也比较好，拿着很大气，
这款是重量最多的，不知道是不是因为味道普通呢反正也是送人，大气才是硬道理吧",2019-09-06 19:08:36
u***t,美心双黄白莲蓉月饼740g,,0,0,月饼非常好吃，肥而不腻，回味无穷！,2021-09-13 17:56:17
****s,美心传统七星伴明月月饼1350g,,0,0,流心有沙沙的口感，吃完有奶香味，月饼皮也很好吃，甜而不腻,2021-09-14 11:08:46
s***2,美心精装八宝月饼675g,,0,1,包装真的很大气上档次，送礼非常合适，自己没机会品尝一下，明年再继续回购。这款只有在香港上市，国内没有，刚开始还怀疑是否是正品，看到实物真的很满意。,2020-11-15 08:05:50
紫***茄,美心精装八宝月饼650g,,0,0,物流非常快，当天买，第二天就送到了。中秋节到了，买来送给外婆。礼品袋赠完了，送给外婆，自家人，也就不太讲究啦。月饼不错，软软的，口味很好，有八种口味，不是特别甜，非常适合老年人。包装也很漂亮，美心月饼名声在外，确实是一试难忘。,2019-09-06 21:00:24
b***n,美心精装八宝月饼675g,,0,0,首先说下物流，当天下单第二天就收到了，京东快递就是快！再说一下月饼，包装精美，有大的礼品袋，看起来很上档次。美心的月饼是很出名，很好吃的。多种味道，满足不同需要。,2021-09-10 09:22:51
b***x,美心精装八宝月饼675g,,0,0,每年中秋都会买美心的月饼，趁教师节提前先买几盒，可以送老师一起品尝，现在买还很优惠。美心月饼特别好吃，非常喜欢双黄的，蛋黄非常好吃，吃起来特别爽！包装也很精美，除了自己吃，也很适合送人，感觉还是很有面子的，哈哈！,2020-09-08 11:41:10
a***9,美心双黄白莲蓉月饼740g,,0,0,吃过不少不同厂家的月饼包括香港另外一家知名品牌的月饼，但近两年来只吃美心了。美心包装盒精致绘制中秋佳节图案非常有节日特色还赠送了礼品袋，自用或送礼均可。不同的口味品尝后还是最喜欢传统的双黄白莲蓉月饼，不油不腻，滑酥嫩，口感饱满，无与伦比,2021-08-27 22:24:31
倪***合,美心双黄白莲蓉月饼740g,,0,0,很好，这个很好吃，真的肥肠还是，不是不知道，很好吃啊非常,2021-09-13 13:55:48
1***p,美心陈皮豆沙月饼420g,,0,2,陈皮豆沙我的最爱，流感细腻不油！一口气买了四盒，两盒给妈妈，两盒自己当早点！还给部门同事每人发了一盒. 哈哈，比起其他杂牌子觉得很放心！明年要继续买。,2020-10-05 11:34:43
j***k,美心双黄白莲蓉月饼740g,,0,0,"美心好牌子了，每年都是在美心采购月饼。
口味：这款是比较传统款的月饼，双黄白莲蓉口味的，很软弱又不甜腻
数量：一盒四个，但是每个都非常大！基本要切四个人一起share比较合适
包装：港式传统铁盒，非常有味道
京东自营价格很实惠，配送给力服务又好，质量有保证。",2021-08-21 15:24:34
q***7,美心双黄豆沙月饼740g,,0,0,很经典的月饼，品质一如既往地优良，好好吃哦，每年我家都吃美心月饼，特别钟爱双黄的。这个品牌月饼送人有面子，我的朋友也都喜欢。第一次一次性买了这么多的月饼，京东快递极快，送货到门。赞！,2021-09-04 12:00:17
最***用,美心精装八宝月饼675g,,0,0,美心月饼是香港名牌，很早之前就吃过. 品质还是一如既往的好.买来送礼提在手上，也非常有面子。,2020-09-09 19:06:02
j***5,美心双黄白莲蓉月饼740g,,0,0,大品牌值得信赖，好吃放心，包装也很精美，送亲朋好友也是不错的选择，而且送货非常快，当天下单第二天收到，只是价钱确实有点小贵,2020-10-31 13:31:09
j***n,美心双黄豆沙月饼740g,,0,0,味道非常好，口感也不错，包装精美，大品牌值得信赖，非常好吃，在京东买东西一如既往的满意,2018-09-19 16:35:19
